,分词,出现次数
0,生活,129
1,发现,80
2,开始,77
3,最佳,67
4,决定,62
5,父亲,61
6,世界,51
7,母亲,48
8,女儿,45
9,故事,44
10,配音,43
11,人类,42
12,妻子,39
13,孩子,39
14,朋友,39
15,工作,38
16,帮助,37
17,找到,36
18,改编,36
19,离开,36
20,美国,35
21,电影,35
22,儿子,33
23,女孩,32
24,身份,32
25,父母,31
26,小镇,29
27,学校,29
28,人生,28
29,寻找,28
30,事情,28
31,学生,26
32,回到,26
33,希望,25
34,日本,25
35,秘密,25
36,喜欢,25
37,杰克,24
38,经历,23
39,真相,23
40,影片,23
41,遇到,23
42,男孩,23
43,爱情,22
44,神秘,22
45,电影节,22
46,得知,21
47,计划,21
48,少年,21
49,行动,21
50,生命,21
51,获得,20
52,知道,20
53,真实,20
54,突然,20
55,意外,20
56,妹妹,20
57,关系,19
58,战争,19
59,国际,19
60,过程,19
61,感情,18
62,公主,18
63,游戏,18
64,荣获,18
65,组织,18
66,警察,18
67,事件,18
68,梦想,18
69,隐藏,18
70,妈妈,17
71,拯救,17
72,公司,17
73,同名,17
74,老人,17
75,利用,16
76,进入,16
77,日子,16
78,去世,16
79,时间,16
80,老师,16
81,查理,16
82,准备,16
83,杰西,16
84,监狱,15
85,奥斯卡,15
86,结束,15
87,年代,15
88,前往,15
89,年轻,15
90,破坏,15
91,好友,15
92,先生,15
93,麦克,15
94,继续,15
95,善良,15
96,长大,14
97,少女,14
98,命运,14
99,接受,14
100,德国,14
101,演员,14
102,帕克,14
103,小说,14
104,成功,14
105,音乐,14
106,对方,14
107,香港,14
108,失去,14
109,力量,14
110,机会,14
111,精神,14
112,女人,14
113,赢得,13
114,纳粹,13
115,教授,13
116,导演,13
117,环境,13
118,法国,13
119,案件,13
120,调查,13
121,东京,13
122,过去,13
123,事业,13
124,自由,12
125,认识,12
126,杀手,12
127,要求,12
128,杀害,12
129,青年,12
130,丈夫,12
131,成员,12
132,平凡,12
133,地方,12
134,机器人,12
135,问题,12
136,旅程,12
137,选择,12
138,改变,12
139,爱德华,12
140,产生,12
141,机器,12
142,哥哥,12
143,偶然,11
144,美丽,11
145,参加,11
146,面临,11
147,告诉,11
148,魔法,11
149,世纪,11
150,大卫,11
151,男人,11
152,方式,11
153,大奖,11
154,遇见,11
155,怀疑,11
156,结识,11
157,犯罪,11
158,城市,11
159,人们,11
160,留下,11
161,森林,11
162,童年,11
163,泰勒,11
164,生存,11
165,内心,11
166,约翰,11
167,安迪,10
168,性格,10
169,警方,10
170,英国,10
171,教师,10
172,快乐,10
173,疯狂,10
174,穿越,10
175,爱上,10
176,学院,10
177,拥有,10
178,拒绝,10
179,动物,10
180,努力,10
181,任务,10
182,带领,10
183,威尔,10
184,遭遇,10
185,姐妹,10
186,生意,10
187,饭店,10
188,严重,10
189,怪物,10
190,陷入,10
191,回忆,10
192,唐伯虎,10
193,列车,10
194,琪琪,10
195,苏珊娜,10
196,绝望,9
197,出生,9
198,普通,9
199,一生,9
200,邻居,9
201,主人,9
202,毒品,9
203,社会,9
204,爸爸,9
205,身体,9
206,冒险,9
207,能力,9
208,卢卡斯,9
209,迈克尔,9
210,地球,9
211,讲述,9
212,比赛,9
213,女友,9
214,印度,9
215,方法,9
216,美好,9
217,照顾,9
218,邪恶,9
219,传说,9
220,战斗,9
221,村民,9
222,时光,9
223,行为,9
224,弗兰克,9
225,潜入,9
226,死亡,9
227,见到,9
228,名叫,9
229,可爱,9
230,海豚,9
231,拍摄,9
232,比尔,9
233,基因,9
234,夏天,9
235,玛丽,9
236,巴黎,9
237,机场,9
238,武士,9
239,马里恩,9
240,婴儿,9
241,答应,8
242,唯一,8
243,张国荣,8
244,汤姆,8
245,英雄,8
246,报仇,8
247,纽约,8
248,卡尔,8
249,黑暗,8
250,军官,8
251,梦境,8
252,天赋,8
253,失踪,8
254,发展,8
255,打开,8
256,顺利,8
257,尼克,8
258,韩琛,8
259,真正,8
260,神奇,8
261,科技,8
262,兴趣,8
263,成长,8
264,平静,8
265,混乱,8
266,需要,8
267,火车,8
268,返回,8
269,愤怒,8
270,重重,8
271,甘道夫,8
272,房子,8
273,经营,8
274,老板,8
275,保护,8
276,海盗,8
277,女子,8
278,抛弃,8
279,结果,8
280,大学,8
281,控制,8
282,母体,8
283,影响,8
284,文森特,8
285,Mark,8
286,时空,8
287,众人,8
288,结婚,8
289,恐怖,8
290,集团,8
291,消息,8
292,记忆,8
293,王佳芝,8
294,格雷诺,8
295,提名,7
296,鼓励,7
297,孤独,7
298,邂逅,7
299,幸福,7
300,犹太人,7
301,艰苦,7
302,小白,7
303,罗伯特,7
304,危险,7
305,等待,7
306,居住,7
307,宇宙,7
308,乐队,7
309,剧本,7
310,尊宝,7
311,紫霞,7
312,自杀,7
313,韩国,7
314,杰森,7
315,梁朝伟,7
316,人物,7
317,大儿子,7
318,医院,7
319,菲利普,7
320,发明,7
321,重要,7
322,热爱,7
323,小姐,7
324,阻挠,7
325,学习,7
326,巨大,7
327,追杀,7
328,逃亡,7
329,艰难,7
330,陌生,7
331,高中,7
332,俱乐部,7
333,吸引,7
334,医生,7
335,派出,7
336,现实,7
337,海蒂,7
338,布鲁诺,7
339,死去,7
340,玛莲娜,7
341,变化,7
342,男友,7
343,玛利亚,7
344,上校,7
345,布鲁斯,7
346,伊丽莎白,7
347,出身,7
348,凯西,7
349,线索,7
350,痛苦,7
351,旅馆,7
352,漫画,7
353,张曼玉,7
354,太太,7
355,欧维,7
356,宋子豪,7
357,恐龙,7
358,奥吉,7
359,基宇,7
360,汉娜,7
361,杀死,6
362,理解,6
363,晚上,6
364,生死,6
365,食物,6
366,阻止,6
367,受伤,6
368,统治,6
369,工厂,6
370,极大,6
371,艾伦,6
372,表现,6
373,感受,6
374,角落,6
375,天才,6
376,孤儿,6
377,取名,6
378,校长,6
379,配角,6
380,文明,6
381,飞船,6
382,故乡,6
383,打破,6
384,动画,6
385,儿童,6
386,周星驰,6
387,白晶晶,6
388,弟弟,6
389,朱迪,6
390,陈永仁,6
391,目标,6
392,交易,6
393,事实,6
394,维托,6
395,黑手党,6
396,矛盾,6
397,教父,6
398,上演,6
399,相依为命,6
400,同学,6
401,接近,6
402,好感,6
403,解决,6
404,律师,6
405,蝙蝠侠,6
406,威胁,6
407,危机,6
408,答案,6
409,辗转,6
410,继承,6
411,亲人,6
412,山姆,6
413,放弃,6
414,诱惑,6
415,飞行,6
416,霍格沃茨,6
417,好奇,6
418,说服,6
419,士兵,6
420,花屋,6
421,军方,6
422,希达,6
423,陪伴,6
424,汽车,6
425,意大利,6
426,艾佛特,6
427,马克,6
428,公寓,6
429,年龄,6
430,手段,6
431,手下,6
432,态度,6
433,山洞,6
434,劳伦斯,6
435,黑社会,6
436,本杰明,6
437,烦恼,6
438,对象,6
439,伯恩,6
440,藤井树,6
441,安排,6
442,政府,6
443,联系,6
444,钥匙,6
445,艾米莉,6
446,蓝波,6
447,邀请,6
448,制作,6
449,夫妇,6
450,苏格兰,6
451,信任,6
452,市子,6
453,小孩,6
454,柯尔,6
455,飞机,6
456,婚姻,6
457,出走,6
458,上海,6
459,欧阳锋,6
460,霍格沃兹,6
461,天书,6
462,露西,6
463,钻石,6
464,玛拉,6
465,菜埔,6
466,瑞茨,6
467,银行,5
468,情人,5
469,大哥,5
470,瑞德,5
471,知识,5
472,约定,5
473,认定,5
474,时代,5
475,收到,5
476,见面,5
477,里昂,5
478,冲突,5
479,豪华,5
480,莱昂纳,5
481,迪卡普里奥,5
482,厌倦,5
483,活泼,5
484,考验,5
485,犹太,5
486,集中营,5
487,爷爷,5
488,幸运,5
489,目睹,5
490,屠杀,5
491,失败,5
492,对手,5
493,求助,5
494,加入,5
495,注定,5
496,安妮,5
497,钢琴,5
498,爵士,5
499,情愫,5
500,初恋,5
501,身亡,5
502,感觉,5
503,强烈,5
504,严格,5
505,理想,5
506,恶劣,5
507,意识,5
508,状况,5
509,创作,5
510,作品,5
511,单亲,5
512,刘健明,5
513,深入,5
514,暴露,5
515,姐姐,5
516,史密斯,5
517,一见钟情,5
518,伦敦,5
519,著名,5
520,争斗,5
521,惊人,5
522,愿意,5
523,负责,5
524,信仰,5
525,时期,5
526,米格尔,5
527,安东尼,5
528,斯嘉丽,5
529,艾希礼,5
530,法庭,5
531,赞恩,5
532,原因,5
533,举动,5
534,伙伴,5
535,指导,5
536,偶遇,5
537,伏地魔,5
538,想象,5
539,势力,5
540,房间,5
541,追求,5
542,理查德,5
543,阳光,5
544,组成,5
545,罪名,5
546,讨论,5
547,苏菲,5
548,中国,5
549,表面,5
550,合作,5
551,代表,5
552,意义,5
553,无意,5
554,体验,5
555,斗争,5
556,残酷,5
557,艾米,5
558,追捕,5
559,当晚,5
560,刀疤,5
561,对抗,5
562,安全,5
563,爆发,5
564,崔妮蒂,5
565,墨菲斯,5
566,尼奥,5
567,抵抗,5
568,老朱,5
569,卷入,5
570,托尼,5
571,主角,5
572,远离,5
573,劳拉,5
574,掩盖,5
575,风暴,5
576,瑞恩,5
577,鞋子,5
578,成人,5
579,剩下,5
580,罪行,5
581,隐瞒,5
582,现在,5
583,麻烦,5
584,华莱士,5
585,布奇,5
586,泰迪,5
587,贪婪,5
588,冷静,5
589,凶手,5
590,古斯塔沃,5
591,度假,5
592,夫人,5
593,黎耀辉,5
594,明白,5
595,短暂,5
596,战士,5
597,部落,5
598,地区,5
599,历史,5
600,尹天仇,5
601,单纯,5
602,阴谋,5
603,加勒比海,5
604,珍珠,5
605,坏蛋,5
606,抢劫,5
607,艾力奥,5
608,压力,5
609,微型,5
610,奇幻,5
611,都市,5
612,相遇,5
613,浪漫,5
614,外婆,5
615,社区,5
616,完成,5
617,圣司,5
618,小倩,5
619,小宏,5
620,试图,5
621,树木,5
622,希林,5
623,动画片,5
624,席琳,5
625,班纳特,5
626,安德鲁,5
627,迪亚戈,5
628,伟同,5
629,保存,5
630,图灵,5
631,总监,5
632,雷蒙,5
633,乔伊,5
634,帕特里克,5
635,流浪汉,5
636,富翁,5
637,刺杀,5
638,科尔,5
639,特里斯坦,5
640,科特,5
641,米夏,5
642,克布,5
643,清子,5
644,纳德,5
645,入狱,4
646,管理员,4
647,注意,4
648,越狱,4
649,救赎,4
650,勇敢,4
651,升级,4
652,上学,4
653,珍妮,4
654,职业,4
655,加里,4
656,夜晚,4
657,政权,4
658,波兰,4
659,商人,4
660,辛德勒,4
661,出众,4
662,岁月,4
663,柯布,4
664,同事,4
665,约瑟夫,4
666,纳什,4
667,迈尔斯,4
668,·哈迪,4
669,本能,4
670,缘分,4
671,疼爱,4
672,反对,4
673,异常,4
674,萨拉,4
675,无比,4
676,心情,4
677,创造,4
678,票房,4
679,康纳,4
680,奇怪,4
681,星球,4
682,抚养,4
683,眼前,4
684,残忍,4
685,兰乔,4
686,Khan,4
687,摄影,4
688,重任,4
689,长片,4
690,乡村,4
691,克莱门特,4
692,男子,4
693,残暴,4
694,心灵,4
695,月光,4
696,孙悟空,4
697,关键,4
698,仁浩,4
699,笼罩,4
700,厕所,4
701,哭泣,4
702,警员,4
703,黑帮,4
704,优秀,4
705,卧底,4
706,情报,4
707,柯里昂,4
708,统领,4
709,小精灵,4
710,容易,4
711,投资,4
712,帮忙,4
713,心愿,4
714,同班,4
715,作战,4
716,鸡蛋,4
717,伤心,4
718,瘫痪,4
719,背负,4
720,挑战,4
721,治疗,4
722,惨遭,4
723,增长,4
724,持续,4
725,恐慌,4
726,企图,4
727,正常,4
728,武器,4
729,照片,4
730,祖父,4
731,教育,4
732,艺术,4
733,设计,4
734,姑娘,4
735,探险,4
736,自称,4
737,偶像,4
738,生日,4
739,伟大,4
740,谜团,4
741,刺激,4
742,灾难,4
743,同伴,4
744,名字,4
745,受害者,4
746,靠近,4
747,清晰,4
748,耐心,4
749,较量,4
750,世界大战,4
751,农民,4
752,误会,4
753,赚钱,4
754,英语,4
755,瑞士,4
756,患者,4
757,见证,4
758,享受,4
759,街道,4
760,父子,4
761,记者,4
762,摄影师,4
763,形象,4
764,观众,4
765,艾莲娜,4
766,釜山,4
767,读书,4
768,打架,4
769,忍受,4
770,摆脱,4
771,研究,4
772,命令,4
773,头目,4
774,詹姆斯,4
775,辛巴,4
776,呈现,4
777,皮平,4
778,梅利,4
779,拉贡,4
780,精灵,4
781,索伦,4
782,末日,4
783,攻击,4
784,基汀,4
785,威廉姆斯,4
786,传统,4
787,折磨,4
788,侥幸,4
789,儿女,4
790,黑客,4
791,系统,4
792,思想,4
793,欢迎,4
794,建造,4
795,彻底,4
796,老伴,4
797,数学,4
798,经济,4
799,困扰,4
800,顽强,4
801,艾迪,4
802,打劫,4
803,简单,4
804,角色,4
805,参与,4
806,县长,4
807,刘嘉玲,4
808,唐雪莉,4
809,为期,4
810,日记,4
811,弗莱彻,4
812,主人公,4
813,家人,4
814,克拉拉,4
815,伊莎贝尔,4
816,丹尼尔,4
817,雷纳多,4
818,幻想,4
819,处境,4
820,敌人,4
821,Hanks,4
822,搭救,4
823,付出,4
824,柏林,4
825,家庭,4
826,中学,4
827,知晓,4
828,院长,4
829,克里斯托弗,4
830,团队,4
831,金像奖,4
832,满满,4
833,交流,4
834,作案,4
835,心理,4
836,马沙,4
837,独立,4
838,波士顿,4
839,伊万,4
840,心理学,4
841,暗恋,4
842,何宝荣,4
843,脑海,4
844,中断,4
845,凯拉,4
846,个性,4
847,喜爱,4
848,小小,4
849,健康,4
850,检查,4
851,奥利弗,4
852,分离,4
853,德州,4
854,满足,4
855,人员,4
856,分子,4
857,幻姬,4
858,觉得,4
859,和尚,4
860,抢走,4
861,马小军,4
862,林青霞,4
863,温暖,4
864,快餐店,4
865,情感,4
866,旅行,4
867,社长,4
868,内容,4
869,秋香,4
870,审判,4
871,复仇,4
872,台北,4
873,遏制,4
874,背叛,4
875,菊次郎,4
876,夕子,4
877,身影,4
878,姥姥,4
879,超级,4
880,居民,4
881,江湖,4
882,期待,4
883,屠龙,4
884,绝症,4
885,尹英华,4
886,天狼星,4
887,袁公,4
888,记录,4
889,毛怪,4
890,格鲁,4
891,危在旦夕,4
892,老爸,4
893,暴力,4
894,戴斯蒙德,4
895,血腥,4
896,密室,4
897,摧毁,4
898,山村,4
899,地位,4
900,度日,4
901,彩蛋,4
902,米尔德雷德,4
903,苏丽珍,4
904,锡安,4
905,练习,4
906,上野,4
907,莱莉,4
908,黑天鹅,4
909,遗产,4
910,艾莉,4
911,诺亚,4
912,主演,4
913,翡翠,4
914,首映,4
915,电脑,4
916,天网,4
917,小四,4
918,海洋,4
919,真琴,4
920,伊夏,4
921,气味,4
922,艾迪德,4
923,西敏,4
924,囚禁,3
925,摩根•弗里曼,3
926,Freeman,3
927,明星,3
928,典狱,3
929,小偷,3
930,合法,3
931,出狱,3
932,程蝶衣,3
933,霸王别姬,3
934,汉克斯,3
935,智商,3
936,上帝,3
937,思念,3
938,奥德曼,3
939,赶到,3
940,泰坦尼克号,3
941,温丝莱特,3
942,打算,3
943,英俊,3
944,开朗,3
945,升温,3
946,历经,3
947,寂寞,3
948,平安,3
949,驱车,3
950,凶恶,3
951,开设,3
952,生产,3
953,用品,3
954,建立,3
955,震撼,3
956,全世界,3
957,继承人,3
958,hael,3
959,卡特,3
960,车站,3
961,满意,3
962,日元,3
963,宇航员,3
964,布兰德,3
965,小时,3
966,表演,3
967,打动,3
968,听说,3
969,溺水,3
970,理由,3
971,跟踪,3
972,逃离,3
973,波曼,3
974,教学,3
975,追寻,3
976,日复一日,3
977,运动,3
978,宝贝,3
979,歌舞片,3
980,助理,3
981,前途,3
982,莫文蔚,3
983,沙漠,3
984,压抑,3
985,关注,3
986,行径,3
987,揭开,3
988,震惊,3
989,兔子,3
990,致力,3
991,局长,3
992,相识,3
993,曾志伟,3
994,训练,3
995,首领,3
996,爱戴,3
997,圣诞,3
998,出卖,3
999,血雨腥风,3
1000,住院,3
1001,小梅,3
1002,龙猫,3
1003,报酬,3
1004,白眼,3
1005,想方设法,3
1006,报纸,3
1007,黑人,3
1008,德希斯,3
1009,思维,3
1010,分享,3
1011,心脏病,3
1012,桀骜,3
1013,兴奋,3
1014,富婆,3
1015,爱意,3
1016,遗嘱,3
1017,证人,3
1018,扑朔迷离,3
1019,可告人,3
1020,阴影,3
1021,警官,3
1022,维持,3
1023,怀抱,3
1024,年幼,3
1025,狭小,3
1026,升起,3
1027,千金,3
1028,法官,3
1029,无力,3
1030,长子,3
1031,阶段,3
1032,伍德,3
1033,销毁,3
1034,大军,3
1035,光明,3
1036,剪辑,3
1037,配乐,3
1038,生涯,3
1039,展现,3
1040,杰出,3
1041,荣誉,3
1042,艾丽,3
1043,相同,3
1044,Russell,3
1045,说话,3
1046,赫敏,3
1047,暴风雨,3
1048,素媛,3
1049,早上,3
1050,无情,3
1051,摧残,3
1052,崩溃,3
1053,天使,3
1054,伴随,3
1055,贫民窟,3
1056,证据,3
1057,意见,3
1058,成立,3
1059,陪审员,3
1060,灵魂,3
1061,城堡,3
1062,咒语,3
1063,马大三,3
1064,绑架,3
1065,香川,3
1066,董汉臣,3
1067,看守,3
1068,化解,3
1069,换取,3
1070,村子,3
1071,杀机,3
1072,帝国,3
1073,拉比达,3
1074,找寻,3
1075,军队,3
1076,实施,3
1077,唐三藏,3
1078,妖怪,3
1079,失意,3
1080,恶作剧,3
1081,史法兰,3
1082,失明,3
1083,美味,3
1084,挽救,3
1085,民间,3
1086,新闻,3
1087,责任,3
1088,天堂,3
1089,政策,3
1090,佑硕,3
1091,逮捕,3
1092,道路,3
1093,布拉德•皮特,3
1094,痞子,3
1095,搏击,3
1096,情绪,3
1097,飞行员,3
1098,证明,3
1099,眼睛,3
1100,逃脱,3
1101,官员,3
1102,聚会,3
1103,王子,3
1104,穆法沙,3
1105,国王,3
1106,算计,3
1107,机智,3
1108,真谛,3
1109,风格,3
1110,兽人,3
1111,莱戈拉斯,3
1112,复活,3
1113,对待,3
1114,山脉,3
1115,学期,3
1116,文学,3
1117,声音,3
1118,哲学,3
1119,学会,3
1120,追问,3
1121,电台,3
1122,美妙,3
1123,凯莉,3
1124,菲什伯恩,3
1125,生性,3
1126,联盟,3
1127,比尔博,3
1128,到达,3
1129,王国,3
1130,逃避,3
1131,特工,3
1132,魏斯曼,3
1133,克里斯蒂娜,3
1134,退休,3
1135,尴尬,3
1136,老友,3
1137,友情,3
1138,丧失,3
1139,过后,3
1140,约翰•福布斯,3
1141,最高,3
1142,步伐,3
1143,康纳利,3
1144,支持,3
1145,毒贩,3
1146,漩涡,3
1147,张麻子,3
1148,夫妻,3
1149,鹅城,3
1150,游手好闲,3
1151,混混,3
1152,夜总会,3
1153,老妇,3
1154,朱莉娅,3
1155,强制,3
1156,病院,3
1157,病人,3
1158,疯人院,3
1159,亲情,3
1160,打成一片,3
1161,适应,3
1162,珍惜,3
1163,别墅,3
1164,车祸,3
1165,宁静,3
1166,年纪,3
1167,荷尔蒙,3
1168,嫉妒,3
1169,世事,3
1170,勇气,3
1171,汤姆•汉克斯,3
1172,错过,3
1173,肮脏,3
1174,施穆尔,3
1175,恋人,3
1176,规矩,3
1177,太地,3
1178,渔民,3
1179,活动,3
1180,纪录,3
1181,同伙,3
1182,帮派,3
1183,纸条,3
1184,科学,3
1185,安吉尔,3
1186,伯登,3
1187,克里斯蒂安,3
1188,魔术,3
1189,贵族,3
1190,野心,3
1191,精彩,3
1192,道德,3
1193,金表,3
1194,邦妮,3
1195,盗贼,3
1196,杀人,3
1197,查克,3
1198,米歇尔,3
1199,犯人,3
1200,实验,3
1201,大祸,3
1202,往事,3
1203,可怕,3
1204,过失,3
1205,伤害,3
1206,骄傲,3
1207,教义,3
1208,人性,3
1209,蛛丝马迹,3
1210,困难,3
1211,布达佩斯,3
1212,穆斯塔法,3
1213,晚餐,3
1214,拉尔夫,3
1215,费因斯,3
1216,名画,3
1217,姑姑,3
1218,小屋,3
1219,同居,3
1220,浴室,3
1221,工人,3
1222,打入,3
1223,开采,3
1224,昂贵,3
1225,探索,3
1226,经理,3
1227,技术,3
1228,雷德克里夫,3
1229,艾玛,3
1230,证实,3
1231,对决,3
1232,愉快,3
1233,失望,3
1234,活跃,3
1235,古堡,3
1236,爱人,3
1237,嫌疑人,3
1238,空间,3
1239,牺牲,3
1240,文化,3
1241,英王,3
1242,伊莎贝拉,3
1243,谈判,3
1244,驾驶,3
1245,过往,3
1246,船长,3
1247,奈特莉,3
1248,Keira,3
1249,背着,3
1250,卡拉,3
1251,前妻,3
1252,陌生人,3
1253,推移,3
1254,激情,3
1255,恩尼斯,3
1256,约会,3
1257,投入,3
1258,牢房,3
1259,疾病,3
1260,美女,3
1261,斯达卡,3
1262,旅途,3
1263,大人,3
1264,麒麟兽,3
1265,为首,3
1266,麒麟,3
1267,松冈茉优,3
1268,米兰,3
1269,分手,3
1270,纪子,3
1271,原作,3
1272,相信,3
1273,功夫,3
1274,上门,3
1275,伊桑,3
1276,霍克,3
1277,Ethan,3
1278,塞琳娜,3
1279,朱莉,3
1280,德尔佩,3
1281,Delpy,3
1282,交谈,3
1283,抱怨,3
1284,客厅,3
1285,洋洋,3
1286,亨利,3
1287,承受,3
1288,哥谭市,3
1289,韦恩,3
1290,贝恩,3
1291,制造,3
1292,毁灭,3
1293,凶残,3
1294,看望,3
1295,安慰,3
1296,熟悉,3
1297,王祖贤,3
1298,迷惑,3
1299,脱离,3
1300,京子,3
1301,展示,3
1302,斧头,3
1303,猪笼,3
1304,城寨,3
1305,碰触,3
1306,玩耍,3
1307,改革,3
1308,黎小军,3
1309,小婷,3
1310,人人,3
1311,患有,3
1312,偏远,3
1313,姨婆,3
1314,小人,3
1315,日常,3
1316,巧克力,3
1317,马克思,3
1318,纪录片,3
1319,建筑师,3
1320,住宅,3
1321,集合,3
1322,希卡普,3
1323,族人,3
1324,歌声,3
1325,宣布,3
1326,旬报,3
1327,维克多,3
1328,维护,3
1329,团体,3
1330,重逢,3
1331,青春,3
1332,糖果,3
1333,罪犯,3
1334,查出,3
1335,黄药师,3
1336,真心,3
1337,节目,3
1338,电话,3
1339,主题,3
1340,尖叫,3
1341,人间,3
1342,宝宝,3
1343,小心,3
1344,盗取,3
1345,伍迪,3
1346,玩具,3
1347,宾格,3
1348,达西,3
1349,麦克亚当斯,3
1350,石宇,3
1351,地狱,3
1352,幸存者,3
1353,逼仄,3
1354,姜戈,3
1355,猎人,3
1356,十足,3
1357,腐海,3
1358,葳葳,3
1359,强大,3
1360,沦为,3
1361,噩梦,3
1362,消失,3
1363,宋子杰,3
1364,班尼,3
1365,机缘,3
1366,巧合,3
1367,丽娜,3
1368,惊醒,3
1369,中情局,3
1370,躲避,3
1371,追逐,3
1372,奇异,3
1373,冠军,3
1374,红豆,3
1375,身手,3
1376,曾江,3
1377,重聚,3
1378,胡图族,3
1379,战事,3
1380,威洛比,3
1381,演出,3
1382,组员,3
1383,三叶,3
1384,彗星,3
1385,金门,3
1386,科长,3
1387,千鹤子,3
1388,叹为观止,3
1389,热血,3
1390,杰玛,3
1391,风流,3
1392,迷恋,3
1393,乐乐,3
1394,领舞,3
1395,行驶,3
1396,快手,3
1397,荣耀,3
1398,笔记本,3
1399,艰辛,3
1400,戛纳,3
1401,影迷,3
1402,赛琳,3
1403,游艇,3
1404,男女,3
1405,科斯莫,3
1406,修行,3
1407,执行,3
1408,莫妮卡,3
1409,尕玉,3
1410,巡山队员,3
1411,黑石,3
1412,根源,3
1413,表达,3
1414,爱国,3
1415,邝裕民,3
1416,戚秦氏,3
1417,完全,3
1418,深渊,3
1419,病房,3
1420,聚焦,3
1421,龙门,3
1422,客栈,3
1423,金镶玉,3
1424,周淮安,3
1425,黄启文,3
1426,影像,3
1427,艾尔弗莱德,3
1428,塞缪尔,3
1429,调察,3
1430,法海,3
1431,许仙,3
1432,弗雷迪,3
1433,功介,3
1434,千昭,3
1435,非洲,3
1436,叛军,3
1437,良多,3
1438,旭仔,3
1439,艾米丽,3
1440,香水,3
1441,巴尔蒂尼,3
1442,战犯,3
1443,雷登,3
1444,格雷塔,3
1445,独裁,3
1446,教会,3
1447,巴基斯坦,3
1448,沙希达,3
1449,倪永孝,3
1450,特种部队,3
1451,谋杀案,2
1452,蒂姆•,2
1453,谋杀,2
1454,指控,2
1455,现身,2
1456,担当,2
1457,招致,2
1458,伪善,2
1459,沮丧,2
1460,风雨,2
1461,鼓舞,2
1462,金球奖,2
1463,土星,2
1464,戏剧,2
1465,巩俐,2
1466,致使,2
1467,变迁,2
1468,酿成,2
1469,悲剧,2
1470,坚强,2
1471,女性,2
1472,外交,2
1473,相聚,2
1474,加深,2
1475,马蒂尔达,2
1476,惩罚,2
1477,幸免于难,2
1478,救回,2
1479,混杂,2
1480,奇迹,2
1481,未婚夫,2
1482,头等舱,2
1483,放荡,2
1484,下等舱,2
1485,救起,2
1486,相爱,2
1487,周折,2
1488,法西斯,2
1489,同行,2
1490,聪明,2
1491,奖品,2
1492,天真,2
1493,广播,2
1494,清理,2
1495,诡异,2
1496,香味,2
1497,仓皇,2
1498,汤婆婆,2
1499,白色,2
1500,妖精,2
1501,克拉科夫,2
1502,社交,2
1503,金钱,2
1504,良好,2
1505,能源,2
1506,齐藤,2
1507,通缉,2
1508,竞争,2
1509,费希尔,2
1510,墨菲,2
1511,潜意识,2
1512,想法,2
1513,凯恩,2
1514,吸收,2
1515,对付,2
1516,反抗,2
1517,玛丽昂,2
1518,歌迪亚,2
1519,八公,2
1520,走失,2
1521,呵护,2
1522,上班,2
1523,等候,2
1524,忠诚,2
1525,怀着,2
1526,放纵,2
1527,沙尘暴,2
1528,肆虐,2
1529,光景,2
1530,库珀,2
1531,未知,2
1532,遥远,2
1533,星系,2
1534,劝说,2
1535,告别,2
1536,光阴,2
1537,窥见,2
1538,黑洞,2
1539,传奇,2
1540,遗弃,2
1541,非凡,2
1542,演奏,2
1543,技艺,2
1544,离去,2
1545,可惜,2
1546,陆地,2
1547,琴声,2
1548,楚门,2
1549,凯瑞,2
1550,失落,2
1551,发觉,2
1552,畅销书,2
1553,法兰,2
1554,拉杜,2
1555,伊拉尼,2
1556,不满,2
1557,孟买,2
1558,公元,2
1559,垃圾,2
1560,乘坐,2
1561,漫长,2
1562,临行,2
1563,委托,2
1564,开发,2
1565,废品,2
1566,程序,2
1567,年复一年,2
1568,流逝,2
1569,侵蚀,2
1570,停止,2
1571,收集,2
1572,作伴,2
1573,寄宿,2
1574,高压,2
1575,改善,2
1576,孤僻,2
1577,释放,2
1578,皮埃尔,2
1579,头痛,2
1580,宝盒,2
1581,朱茵,2
1582,青霞,2
1583,紫青宝剑,2
1584,魔王,2
1585,迷失,2
1586,成婚,2
1587,美术,2
1588,天生,2
1589,双胞胎,2
1590,紧张,2
1591,气氛,2
1592,全民,2
1593,民秀,2
1594,取材,2
1595,古德温,2
1596,警校,2
1597,警察局,2
1598,大型,2
1599,领地,2
1600,狐狸,2
1601,误打,2
1602,水獭,2
1603,自愿,2
1604,警局,2
1605,联手,2
1606,揭露,2
1607,三合会,2
1608,刘德华,2
1609,听从,2
1610,老大,2
1611,吩咐,2
1612,部队,2
1613,许诺,2
1614,见习,2
1615,督察,2
1616,学员,2
1617,终极,2
1618,回归,2
1619,迥异,2
1620,相似,2
1621,无间道,2
1622,非法,2
1623,勾当,2
1624,弱小,2
1625,索洛索,2
1626,劫持,2
1627,暗杀,2
1628,内奸,2
1629,逊尼,2
1630,小儿子,2
1631,帕西诺,2
1632,仇杀,2
1633,生病,2
1634,新奇,2
1635,有趣,2
1636,小月,2
1637,用尽,2
1638,高昂,2
1639,妻儿,2
1640,教堂,2
1641,明天,2
1642,朱丽,2
1643,风景,2
1644,事迹,2
1645,外公,2
1646,困惑,2
1647,项目,2
1648,争吵,2
1649,跳伞,2
1650,弗朗索瓦,2
1651,克鲁塞,2
1652,奥玛,2
1653,重担,2
1654,明显,2
1655,舒适,2
1656,豪宅,2
1657,韦菲,2
1658,hton,2
1659,依旧,2
1660,虚弱,2
1661,护士,2
1662,关心,2
1663,作用,2
1664,沃尔,2
1665,环环相扣,2
1666,戈登,2
1667,进展,2
1668,胆子,2
1669,高谭,2
1670,污秽,2
1671,声称,2
1672,源头,2
1673,市民,2
1674,有史以来,2
1675,葛优,2
1676,凤霞,2
1677,当夜,2
1678,内战,2
1679,团圆,2
1680,变革,2
1681,卫生间,2
1682,嘲笑,2
1683,伤痕,2
1684,现世,2
1685,国度,2
1686,太阳,2
1687,德拉库斯,2
1688,农场,2
1689,费雯,2
1690,Leigh,2
1691,报复,2
1692,梅兰妮,2
1693,查尔斯,2
1694,寡妇,2
1695,亲生,2
1696,商贩,2
1697,母子,2
1698,扶持,2
1699,磨难,2
1700,Sean,2
1701,一路上,2
1702,艰难险阻,2
1703,魔戒,2
1704,勇士,2
1705,刚铎,2
1706,首都,2
1707,决战,2
1708,指环王,2
1709,三部曲,2
1710,视觉,2
1711,效果,2
1712,音效,2
1713,歌曲,2
1714,摔跤,2
1715,巴比塔,2
1716,幡然醒悟,2
1717,小子,2
1718,女孩子,2
1719,爱好,2
1720,南美洲,2
1721,仙境,2
1722,瀑布,2
1723,气球,2
1724,天空,2
1725,喋喋,2
1726,步行,2
1727,凯文,2
1728,坏人,2
1729,利波特,2
1730,入学,2
1731,巨人,2
1732,超乎,2
1733,守护,2
1734,蒙特娄,2
1735,动物园,2
1736,特殊,2
1737,本性,2
1738,移民,2
1739,加拿大,2
1740,厨师,2
1741,茫茫,2
1742,太平洋,2
1743,命名,2
1744,忙碌,2
1745,繁重,2
1746,媒体,2
1747,渲染,2
1748,耻辱,2
1749,目光,2
1750,治愈,2
1751,陪审团,2
1752,一致,2
1753,死刑,2
1754,案子,2
1755,制帽店,2
1756,坚持,2
1757,移动,2
1758,堡垒,2
1759,吸取,2
1760,巫术,2
1761,老太婆,2
1762,日军,2
1763,陆军,2
1764,小三郎,2
1765,翻译,2
1766,看管,2
1767,求救,2
1768,担心,2
1769,宪兵队,2
1770,指责,2
1771,漂浮,2
1772,财富,2
1773,护送,2
1774,偷走,2
1775,请求,2
1776,白骨,2
1777,恋情,2
1778,周旋,2
1779,中年,2
1780,程勇,2
1781,困难重重,2
1782,商机,2
1783,白血病,2
1784,舞女,2
1785,牧师,2
1786,暴烈,2
1787,黄毛,2
1788,危机四伏,2
1789,昔日,2
1790,舅子,2
1791,奉命,2
1792,贩子,2
1793,尔•帕西诺,2
1794,辉煌,2
1795,狭窄,2
1796,跟随,2
1797,对准,2
1798,劝阻,2
1799,奥黛丽,2
1800,身心俱疲,2
1801,欣赏,2
1802,欧文,2
1803,功成名就,2
1804,假期,2
1805,果断,2
1806,放映师,2
1807,胶片,2
1808,艾弗达,2
1809,火海,2
1810,双目,2
1811,接替,2
1812,纯洁,2
1813,服兵役,2
1814,家乡,2
1815,电影院,2
1816,往昔,2
1817,学历,2
1818,宋康昊,2
1819,业务,2
1820,名片,2
1821,小弟,2
1822,大婶,2
1823,良心,2
1824,社团,2
1825,叛逆,2
1826,发泄,2
1827,滋事,2
1828,争执,2
1829,思考,2
1830,通缉犯,2
1831,常人,2
1832,足迹,2
1833,本领,2
1834,布雷达,2
1835,检察官,2
1836,过人,2
1837,捉弄,2
1838,精心,2
1839,花果山,2
1840,化身,2
1841,孙大圣,2
1842,龙宫,2
1843,强硬,2
1844,东海,2
1845,龙王,2
1846,玉帝,2
1847,受骗,2
1848,大战,2
1849,特别奖,2
1850,年度,2
1851,百花奖,2
1852,美术片,2
1853,美利坚,2
1854,科利昂,2
1855,兄长,2
1856,沃森,2
1857,名姓,2
1858,叔叔,2
1859,王位,2
1860,借口,2
1861,外出,2
1862,赶尽杀绝,2
1863,长成,2
1864,延续,2
1865,情节,2
1866,结尾,2
1867,侏儒金利,2
1868,营救,2
1869,白袍巫师,2
1870,麦凯伦,2
1871,萨鲁曼,2
1872,洛汉王国,2
1873,消灭,2
1874,树精,2
1875,大会,2
1876,米尔,2
1877,法莫尔,2
1878,闻名,2
1879,名校,2
1880,刻板,2
1881,聆听,2
1882,男生,2
1883,违反,2
1884,史标曼,2
1885,艾德里安•布洛迪,2
1886,钢琴师,2
1887,标曼,2
1888,猛烈,2
1889,废墟,2
1890,阁楼,2
1891,萌发,2
1892,解放,2
1893,网络,2
1894,基奴,2
1895,李维斯,2
1896,摩丝,2
1897,人工智能,2
1898,救世主,2
1899,代码,2
1900,魔君,2
1901,战役,2
1902,半兽人,2
1903,征服,2
1904,挺身而出,2
1905,远征,2
1906,监听,2
1907,德莱曼,2
1908,文章,2
1909,郎雄,2
1910,吸引力,2
1911,长大成人,2
1912,吃饭,2
1913,低谷,2
1914,操心,2
1915,晚年,2
1916,料到,2
1917,吃惊,2
1918,理论,2
1919,短短,2
1920,领域,2
1921,珍妮弗•,2
1922,不懈努力,2
1923,敏捷,2
1924,高额,2
1925,赌债,2
1926,购买,2
1927,安分,2
1928,幽默,2
1929,马邦德,2
1930,偏僻,2
1931,霸主,2
1932,周润发,2
1933,原本,2
1934,支付,2
1935,节骨眼,2
1936,司机,2
1937,凯特,2
1938,凯若琳,2
1939,•巴顿,2
1940,养老院,2
1941,装作,2
1942,剧烈,2
1943,棒球,2
1944,电视,2
1945,出海,2
1946,院方,2
1947,联合,2
1948,高大,2
1949,姨母,2
1950,收获,2
1951,彼得,2
1952,泽塞曼,2
1953,远在,2
1954,艾德里安,2
1955,马里奥,2
1956,蒸蒸日上,2
1957,修理,2
1958,宣战,2
1959,情欲,2
1960,一举一动,2
1961,诱人,2
1962,知情,2
1963,淹没,2
1964,淫欲,2
1965,法院,2
1966,料想,2
1967,兄弟,2
1968,救援,2
1969,米勒,2
1970,上尉,2
1971,杰里米,2
1972,死神,2
1973,沉重,2
1974,Zahra,2
1975,修补,2
1976,指望,2
1977,打工,2
1978,美梦,2
1979,报名,2
1980,日期,2
1981,提醒,2
1982,服务,2
1983,铁丝网,2
1984,芝加哥,2
1985,渡边博子,2
1986,悲痛,2
1987,情书,2
1988,大自然,2
1989,忘记,2
1990,修道院,2
1991,管教,2
1992,引导,2
1993,逃跑,2
1994,训练师,2
1995,挑选,2
1996,利益,2
1997,流氓,2
1998,存放,2
1999,基金,2
2000,手提箱,2
2001,迁葬,2
2002,公墓,2
2003,黛博拉,2
2004,詹妮弗,2
2005,理智,2
2006,斯科特,2
2007,箱子,2
2008,清楚,2
2009,ristian,2
2010,丰富,2
2011,平平,2
2012,心智,2
2013,创造力,2
2014,技巧,2
2015,顶级,2
2016,掌握,2
2017,保证,2
2018,友谊,2
2019,酝酿,2
2020,指派,2
2021,监禁,2
2022,条件,2
2023,联邦,2
2024,序幕,2
2025,尾声,2
2026,朱尔斯,2
2027,用餐,2
2028,开端,2
2029,表示,2
2030,感悟,2
2031,离奇,2
2032,失踪案,2
2033,事实上,2
2034,确实,2
2035,情景,2
2036,琐碎,2
2037,天主教,2
2038,死者,2
2039,手法,2
2040,血气方刚,2
2041,Brad,2
2042,破案,2
2043,宗教,2
2044,理工学院,2
2045,浪费,2
2046,无计可施,2
2047,尚恩,2
2048,Law,2
2049,专心,2
2050,正直,2
2051,价值连城,2
2052,拉开帷幕,2
2053,完整,2
2054,收拾,2
2055,破烂,2
2056,打击,2
2057,螺丝钉,2
2058,卓别林,2
2059,底层,2
2060,厂房,2
2061,微薄,2
2062,重复,2
2063,鼻子,2
2064,贫穷,2
2065,流浪,2
2066,身无分文,2
2067,监牢,2
2068,流浪女,2
2069,潘多拉星,2
2070,格蕾丝,2
2071,博士,2
2072,自然,2
2073,美人,2
2074,耗资,2
2075,波特,2
2076,断定,2
2077,斯内普,2
2078,悠久,2
2079,原著,2
2080,街坊,2
2081,福利会,2
2082,训练班,2
2083,飘飘,2
2084,当红,2
2085,佩格,2
2086,薇诺娜,2
2087,拥抱,2
2088,典型,2
2089,妓女,2
2090,警探,2
2091,凶杀,2
2092,梅伦,2
2093,考虑,2
2094,收买,2
2095,平等,2
2096,策划,2
2097,滋生,2
2098,约翰尼,2
2099,巴尔巴,2
2100,巴伯萨,2
2101,袭击,2
2102,伊莉莎,2
2103,迅速,2
2104,田野,2
2105,女尸,2
2106,朴探员,2
2107,汉城,2
2108,苏探员,2
2109,接手,2
2110,生前,2
2111,强奸,2
2112,搭档,2
2113,粗暴,2
2114,嫌疑,2
2115,推翻,2
2116,无辜,2
2117,报告,2
2118,离婚,2
2119,亲近,2
2120,风口浪尖,2
2121,谎言,2
2122,清白,2
2123,戴安娜,2
2124,王妃,2
2125,脆弱,2
2126,商店,2
2127,今年,2
2128,热情,2
2129,单调,2
2130,生子,2
2131,阿尔玛,2
2132,团聚,2
2133,清贫,2
2134,走私,2
2135,感动,2
2136,冰冷,2
2137,现代,2
2138,医疗,2
2139,焦虑,2
2140,症结,2
2141,侦探,2
2142,惊险,2
2143,威尼斯,2
2144,单元,2
2145,危难,2
2146,诅咒,2
2147,疙瘩,2
2148,火枪,2
2149,桥本爱,2
2150,生长,2
2151,喧嚣,2
2152,环绕,2
2153,幽静,2
2154,日出而作日落而息,2
2155,双手,2
2156,闯荡,2
2157,食材,2
2158,美食,2
2159,融入,2
2160,三浦贵,2
2161,大介,2
2162,少年人,2
2163,挥霍,2
2164,过量,2
2165,夏雨,2
2166,刘忆苦,2
2167,正式,2
2168,成熟,2
2169,帅气,2
2170,鬼魂,2
2171,编号,2
2172,失恋,2
2173,金发,2
2174,温情,2
2175,招待,2
2176,成就,2
2177,解散,2
2178,代理,2
2179,大悟,2
2180,普通人,2
2181,吵闹,2
2182,欢喜,2
2183,料理,2
2184,静静地,2
2185,图谋,2
2186,华安,2
2187,游览,2
2188,谈论,2
2189,深刻,2
2190,再见,2
2191,日出,2
2192,邓恩,2
2193,阿弗莱克,2
2194,玛戈,2
2195,暴行,2
2196,踪影,2
2197,并非,2
2198,寻常,2
2199,品行,2
2200,敏敏,2
2201,婷婷,2
2202,婚礼,2
2203,中风,2
2204,昏迷,2
2205,恋爱,2
2206,放下,2
2207,自尊,2
2208,担任,2
2209,濒临,2
2210,绝境,2
2211,顽劣,2
2212,肥胖,2
2213,责骂,2
2214,尾随,2
2215,猫女,2
2216,董事会,2
2217,米兰达,2
2218,肩负,2
2219,哥谭,2
2220,暑假,2
2221,奶奶,2
2222,老公,2
2223,杉村,2
2224,凌晨,2
2225,燕赤霞,2
2226,魔掌,2
2227,苦于,2
2228,弟妹,2
2229,代替,2
2230,现金,2
2231,卡拉汉,2
2232,主持,2
2233,好评,2
2234,突如其来,2
2235,烧毁,2
2236,火灾,2
2237,废弃,2
2238,装备,2
2239,猖獗,2
2240,恩怨,2
2241,萤和银,2
2242,期望,2
2243,李翘,2
2244,邓丽君,2
2245,缓解,2
2246,神木隆,2
2247,手术,2
2248,丛林,2
2249,奇特,2
2250,诺布利特,2
2251,霍夫曼,2
2252,自闭症,2
2253,起伏,2
2254,成年,2
2255,水晶熊奖,2
2256,感人,2
2257,伏原健,2
2258,隐居,2
2259,英子,2
2260,一年四季,2
2261,难得,2
2262,建筑,2
2263,保留,2
2264,树林,2
2265,繁忙,2
2266,土地,2
2267,优雅,2
2268,斯托里克,2
2269,主要,2
2270,斯特丽德,2
2271,新书,2
2272,下午,2
2273,日落,2
2274,赶回,2
2275,麦克格雷格,2
2276,告知,2
2277,护照,2
2278,失效,2
2279,使用,2
2280,工地,2
2281,维克,2
2282,负责人,2
2283,凯瑟琳,2
2284,甜蜜,2
2285,自得其乐,2
2286,娜美,2
2287,夏春花,2
2288,玫瑰,2
2289,傲慢,2
2290,春花,2
2291,身患,2
2292,九宫山,2
2293,下落,2
2294,火箭,2
2295,追赶,2
2296,出关,2
2297,王重阳,2
2298,路过,2
2299,师弟,2
2300,洪七,2
2301,恶战,2
2302,朴鲁圭,2
2303,大桥,2
2304,年头,2
2305,传出,2
2306,小天狼星,2
2307,悄悄,2
2308,卢平,2
2309,防御,2
2310,尾巴,2
2311,棚屋,2
2312,哈利,2
2313,法术,2
2314,造福,2
2315,钱财,2
2316,百姓,2
2317,跳出,2
2318,斗智,2
2319,斗勇,2
2320,滑稽,2
2321,狰狞,2
2322,员工,2
2323,信念,2
2324,被盗,2
2325,新贼,2
2326,维克托,2
2327,领养,2
2328,处理,2
2329,巴斯光年,2
2330,奥斯汀,2
2331,银幕,2
2332,漂亮,2
2333,挽回,2
2334,话剧,2
2335,黑道,2
2336,文森,2
2337,父女,2
2338,成千上万,2
2339,重兵,2
2340,凶险,2
2341,钢锯岭,2
2342,军医,2
2343,真人真事,2
2344,秀安,2
2345,丧尸,2
2346,乘客,2
2347,堕入,2
2348,开车,2
2349,求生,2
2350,肉球,2
2351,撼动,2
2352,言语,2
2353,菲律宾,2
2354,瓦尔兹,2
2355,培养,2
2356,昆汀,2
2357,致敬,2
2358,原创,2
2359,工业,2
2360,虫族,2
2361,毒性,2
2362,周边,2
2363,祥和,2
2364,战火,2
2365,一触即发,2
2366,同志,2
2367,赛门,2
2368,波折,2
2369,山贼,2
2370,队伍,2
2371,保卫,2
2372,笑话,2
2373,偷袭,2
2374,亚当,2
2375,死人,2
2376,录放机,2
2377,磁带,2
2378,车辆,2
2379,规定,2
2380,牵挂,2
2381,收留,2
2382,细心,2
2383,复杂,2
2384,带走,2
2385,丧命,2
2386,斩草除根,2
2387,魔鬼,2
2388,三侠,2
2389,霸王,2
2390,晚会,2
2391,对头,2
2392,厮杀,2
2393,虚拟,2
2394,渗透,2
2395,绿洲,2
2396,心爱,2
2397,波恩,2
2398,主动,2
2399,追击,2
2400,Cage,2
2401,叙述,2
2402,降临,2
2403,全新,2
2404,脑子,2
2405,登陆,2
2406,永利街,2
2407,中心,2
2408,为生,2
2409,支离破碎,2
2410,编剧,2
2411,大盗,2
2412,赫林之女仆,2
2413,知名,2
2414,驾车,2
2415,失散,2
2416,卢旺达,2
2417,图西族,2
2418,奸杀,2
2419,赫奇斯,2
2420,广告牌,2
2421,转型,2
2422,电视剧,2
2423,歌手,2
2424,闷闷,2
2425,苦恼,2
2426,相对,2
2427,涩谷,2
2428,亚洲,2
2429,抗艾,2
2430,药物,2
2431,疗法,2
2432,加纳,2
2433,非常规,2
2434,施压,2
2435,编辑,2
2436,周慕云,2
2437,贸易,2
2438,配偶,2
2439,宿命,2
2440,情夫,2
2441,密谋,2
2442,记住,2
2443,莱纳,2
2444,娜塔莉娅,2
2445,莱昂纳多,2
2446,破译,2
2447,破解,2
2448,领导,2
2449,密码,2
2450,待遇,2
2451,火车人,2
2452,电子,2
2453,乌贼,2
2454,校园,2
2455,交换,2
2456,欢笑,2
2457,会长,2
2458,大佬,2
2459,选举,2
2460,丁青,2
2461,黑色,2
2462,鲜血,2
2463,战场,2
2464,喜剧,2
2465,构成,2
2466,怪异,2
2467,独特,2
2468,斯兹弗隆,2
2469,热烈,2
2470,面容,2
2471,天地,2
2472,成绩,2
2473,乐鼓手,2
2474,完美,2
2475,爆裂鼓手,2
2476,演变,2
2477,兄妹,2
2478,杰玛•,2
2479,马利克,2
2480,拷问,2
2481,拉媞卡,2
2482,好像,2
2483,白陀山,2
2484,慕容嫣,2
2485,谋面,2
2486,剧团,2
2487,Beth,2
2488,白天鹅,2
2489,洛厄里,2
2490,再婚,2
2491,幽会,2
2492,潜逃,2
2493,诺尔曼,2
2494,完毕,2
2495,草食性,2
2496,破壳,2
2497,无敌,2
2498,奖牌,2
2499,反派,2
2500,甜蜜冲刺,2
2501,迁徙,2
2502,剑齿,2
2503,虎迪亚戈,2
2504,精神病院,2
2505,奖金,2
2506,胜过,2
2507,老太太,2
2508,疗养院,2
2509,苏醒,2
2510,信代,2
2511,主张,2
2512,寒冷,2
2513,绿地,2
2514,特里沃,2
2515,爱在午夜降临前,2
2516,对话,2
2517,话题,2
2518,宝物,2
2519,包世宏,2
2520,明争暗斗,2
2521,挣扎,2
2522,游轮,2
2523,慰安妇,2
2524,头盔,2
2525,公立,2
2526,洛克伍德,2
2527,讲话,2
2528,决斗骑士,2
2529,提议,2
2530,面包店,2
2531,凯尔,2
2532,曼彻斯特,2
2533,兰迪,2
2534,物资,2
2535,开心,2
2536,地点,2
2537,中队长,2
2538,油漆匠,2
2539,指挥,2
2540,发达,2
2541,自然环境,2
2542,先进,2
2543,存在,2
2544,马丁,2
2545,重病,2
2546,使命,2
2547,裘德•洛,2
2548,生门,2
2549,荒山,2
2550,惨案,2
2551,美化,2
2552,弃婴,2
2553,羚羊,2
2554,枪杀,2
2555,盗猎者,2
2556,木星,2
2557,冬眠,2
2558,富兰克,2
2559,学长,2
2560,退役,2
2561,卖花女,2
2562,办法,2
2563,资助,2
2564,特务,2
2565,麦太太,2
2566,包龙星,2
2567,知县,2
2568,职位,2
2569,常威,2
2570,妓院,2
2571,滑铁卢,2
2572,小明,2
2573,摇滚乐,2
2574,欺骗,2
2575,老卡特,2
2576,超过,2
2577,辽阔,2
2578,忠良,2
2579,杨宇轩,2
2580,后代,2
2581,邱莫言,2
2582,贺虎,2
2583,行车,2
2584,记录仪,2
2585,肚财,2
2586,草原,2
2587,老实,2
2588,青白,2
2589,德军,2
2590,弗里德里克,2
2591,影院,2
2592,皇后,2
2593,莫库,2
2594,布莱恩,2
2595,友梨,2
2596,次数,2
2597,极品,2
2598,粉钻,2
2599,死乔,2
2600,弗瑞奥萨,2
2601,生育者,2
2602,激烈,2
2603,上路,2
2604,横山,2
2605,纯平,2
2606,生母,2
2607,售票员,2
2608,弗兰卡,2
2609,禁忌,2
2610,万物,2
2611,尤瑞,2
2612,军火,2
2613,贩卖,2
2614,莫名其妙,2
2615,芳香,2
2616,格拉斯,2
2617,语言,2
2618,悲伤,2
2619,老两口,2
2620,儿媳,2
2621,土豆,2
2622,戒毒,2
2623,戴夫,2
2624,课程,2
2625,文格尔,2
2626,环球报,2
2627,栏目,2
2628,宾森,2
2629,基地,2
2630,老年痴呆症,2
2631,军峰,2
2632,帕万,2
2633,无家可归,2
2634,黄志诚,2
2635,刘建明,2
2636,索马里,2
2637,摩加迪休,2
2638,罗宾斯,1
2639,Robbins,1
2640,肖申克,1
2641,另眼相看,1
2642,石锤,1
2643,海报,1
2644,患难,1
2645,大显其才,1
2646,图书,1
2647,金融,1
2648,麾下,1
2649,长洗,1
2650,黑钱,1
2651,作证,1
2652,脱谋,1
2653,杀罪,1
2654,燃起,1
2655,翻案,1
2656,阴险,1
2657,狱长,1
2658,假装,1
2659,泯灭,1
2660,电闪雷鸣,1
2661,老朋友,1
2662,张丰毅,1
2663,师兄弟,1
2664,演生,1
2665,饰旦,1
2666,配合,1
2667,天衣无缝,1
2668,京城,1
2669,合演,1
2670,本质,1
2671,深知,1
2672,人戏,1
2673,妓菊仙,1
2674,菊仙,1
2675,可耻,1
2676,第三者,1
2677,叛徒,1
2678,情仇战,1
2679,风云,1
2680,拉巴马州,1
2681,闭塞,1
2682,先天弱智,1
2683,傻人,1
2684,傻福,1
2685,自强,1
2686,莱特,1
2687,爱护,1
2688,赐予,1
2689,飞毛腿,1
2690,奔跑,1
2691,橄榄球,1
2692,巨星,1
2693,乒乓球,1
2694,使者,1
2695,亿万富翁,1
2696,匆匆,1
2697,离别,1
2698,阿甘,1
2699,雷诺饰,1
2700,雇佣,1
2701,小姑娘,1
2702,纳塔丽,1
2703,波特曼饰,1
2704,房门,1
2705,杀身之祸,1
2706,缉毒组,1
2707,眼线,1
2708,贪污,1
2709,恶警,1
2710,留救,1
2711,昂教,1
2712,法文,1
2713,亲密,1
2714,融洽,1
2715,哀怨,1
2716,情仇,1
2717,正邪,1
2718,在所难免,1
2719,工业史,1
2720,客轮,1
2721,处女航,1
2722,南安普顿,1
2723,出发,1
2724,凯特•,1
2725,码头,1
2726,赌博,1
2727,船票,1
2728,上流,1
2729,虚伪,1
2730,投海自尽,1
2731,罗丝,1
2732,舞会,1
2733,画像,1
2734,星期天,1
2735,风平浪静,1
2736,冰山,1
2737,沉没,1
2738,沉船,1
2739,杰克刚,1
2740,萌芽,1
2741,圭多,1
2742,伯托,1
2743,贝尼尼,1
2744,多拉,1
2745,尼可莱塔,1
2746,布拉斯基,1
2747,彬彬有礼,1
2748,鞠躬,1
2749,啼笑皆非,1
2750,人愿,1
2751,美满,1
2752,血统,1
2753,关押,1
2754,乐天,1
2755,哄骗,1
2756,坦克,1
2757,阴霾,1
2758,问候,1
2759,倾覆,1
2760,小路,1
2761,隧道,1
2762,中世纪,1
2763,大快朵颐,1
2764,古怪,1
2765,透明,1
2766,逃出,1
2767,锅炉,1
2768,浴池,1
2769,打杂,1
2770,怪模怪样,1
2771,吓倒,1
2772,小玲,1
2773,弟子,1
2774,飞舞,1
2775,纸人,1
2776,河神,1
2777,药丸,1
2778,驱出,1
2779,封印,1
2780,守封,1
2781,党卫军,1
2782,隔离,1
2783,尼森,1
2784,Liam,1
2785,Neeson,1
2786,搪瓷厂,1
2787,军需,1
2788,雇用,1
2789,惨绝人寰,1
2790,大屠杀,1
2791,贿赂,1
2792,附属,1
2793,劳役营,1
2794,避难所,1
2795,战败,1
2796,名单,1
2797,荡产,1
2798,暗无天日,1
2799,道姆,1
2800,莱维特,1
2801,·哈斯,1
2802,大亨,1
2803,渡边谦,1
2804,盗梦,1
2805,齐藤威,1
2806,逼利,1
2807,诱因,1
2808,流亡,1
2809,极端,1
2810,措施,1
2811,希里安,1
2812,深层,1
2813,下放,1
2814,自立门户,1
2815,重返,1
2816,岳父,1
2817,设计师,1
2818,艾里,1
2819,德妮,1
2820,Page,1
2821,艾姆斯,1
2822,药剂师,1
2823,迪利普,1
2824,Rao,1
2825,递进,1
2826,直面,1
2827,梅尔,1
2828,实际,1
2829,预想,1
2830,理查,1
2831,基尔,1
2832,火车站,1
2833,冥冥,1
2834,帕克一,1
2835,狗八公,1
2836,感化,1
2837,Joan,1
2838,在帕克,1
2839,八公会,1
2840,送到,1
2841,下班,1
2842,来不会,1
2843,罗默尔,1
2844,Sarah,1
2845,女婿,1
2846,萨布莱特,1
2847,沉痛,1
2848,埋葬,1
2849,傍晚,1
2850,五点,1
2851,准时,1
2852,守候,1
2853,黄沙,1
2854,遍野,1
2855,小麦,1
2856,秋葵,1
2857,基础,1
2858,农作物,1
2859,枯萎病,1
2860,灭绝,1
2861,仰望,1
2862,星空,1
2863,想象力,1
2864,灵感,1
2865,迸发,1
2866,倒数,1
2867,务农,1
2868,麦肯吉,1
2869,书房,1
2870,重力场,1
2871,现象,1
2872,区域,1
2873,虫洞,1
2874,派遣,1
2875,适合,1
2876,艾米莉亚,1
2877,罗米利,1
2878,吉雅西,1
2879,多伊尔,1
2880,韦斯,1
2881,本特利,1
2882,搭乘宇宙飞船,1
2883,考察,1
2884,银河,1
2885,沧海桑田,1
2886,壮伟,1
2887,浩瀚,1
2888,超越时空,1
2889,笃定,1
2890,情怀,1
2891,ginian号,1
2892,邮轮,1
2893,水手,1
2894,显示,1
2895,无师自通,1
2896,乐鼻祖杰尼,1
2897,高超,1
2898,自叹弗如,1
2899,琴键,1
2900,流淌,1
2901,惊艳,1
2902,谱写,1
2903,金•,1
2904,Jim,1
2905,稀奇,1
2906,绝大多数,1
2907,异样,1
2908,成行,1
2909,干什,1
2910,Chetan,1
2911,处女,1
2912,五点人,1
2913,沙曼,1
2914,乔希,1
2915,Sharman,1
2916,工程学院,1
2917,著称,1
2918,死记硬背,1
2919,病毒,1
2920,Irani,1
2921,质疑,1
2922,鼓动,1
2923,碧雅,1
2924,卡琳娜,1
2925,卡普,1
2926,满眼,1
2927,铜臭,1
2928,特立独行,1
2929,模范,1
2930,消音器,1
2931,奥米,1
2932,高下,1
2933,博览奖,1
2934,协会,1
2935,剧情,1
2936,污染,1
2937,增加,1
2938,适于,1
2939,无边,1
2940,Loa,1
2941,分装员,1
2942,辛勤,1
2943,损坏,1
2944,永无止境,1
2945,小心翼翼,1
2946,收工,1
2947,看看,1
2948,蟑螂,1
2949,杰勒德•尊诺,1
2950,外号,1
2951,体罚,1
2952,司空见惯,1
2953,弗朗西斯•贝尔兰德,1
2954,沉静,1
2955,尝试,1
2956,合唱团,1
2957,封闭,1
2958,皮埃尔•莫安琦,1
2959,尚•巴,1
2960,堤•莫里,1
2961,非同一,1
2962,敏感,1
2963,才能,1
2964,微妙,1
2965,仙子,1
2966,烙印,1
2967,祖座,1
2968,日月,1
2969,神灯,1
2970,灯芯,1
2971,白天,1
2972,同一,1
2973,肉身,1
2974,仇恨,1
2975,誓言,1
2976,意中人,1
2977,经意,1
2978,相许,1
2979,记挂,1
2980,至尊宝,1
2981,自首尔,1
2982,哑语,1
2983,孔宥,1
2984,雾津,1
2985,应聘,1
2986,慈爱,1
2987,聋哑人,1
2988,大雾,1
2989,撞车,1
2990,维修,1
2991,人权,1
2992,柔珍,1
2993,郑有美,1
2994,早亡,1
2995,哮喘,1
2996,祖母,1
2997,照看,1
2998,辛苦,1
2999,谋职,1
3000,教导,1
3001,主任,1
3002,竟逼仁浩,1
3003,索贿,1
3004,窒息,1
3005,聪颖,1
3006,金妍斗,1
3007,金贤秀,1
3008,陈宥利,1
3009,郑仁絮,1
3010,白承焕,1
3011,淤青,1
3012,下课,1
3013,呼喊,1
3014,门卫,1
3015,阻拦,1
3016,深究,1
3017,行贿,1
3018,教导员,1
3019,毒打,1
3020,宿导,1
3021,溺罚妍斗,1
3022,惊天,1
3023,隐秘,1
3024,光州,1
3025,聋哑,1
3026,障碍人,1
3027,孔枝泳,1
3028,哺乳类,1
3029,和谐,1
3030,共存,1
3031,金妮弗,1
3032,刑警,1
3033,智慧,1
3034,毕业,1
3035,肉食类,1
3036,小型,1
3037,食草类,1
3038,伊德瑞斯,1
3039,艾尔巴,1
3040,发配,1
3041,无足轻重,1
3042,执勤,1
3043,贝特曼,1
3044,Bateman,1
3045,动物城,1
3046,惊天秘密,1
3047,会员,1
3048,黑帮卧底,1
3049,晋升,1
3050,上级,1
3051,重望,1
3052,好人,1
3053,重案组,1
3054,获悉,1
3055,泄出,1
3056,高层,1
3057,清除,1
3058,内鬼,1
3059,决心,1
3060,严峻,1
3061,马龙,1
3062,白兰度,1
3063,平民,1
3064,保护神,1
3065,深得人,1
3066,毒枭,1
3067,激化,1
3068,参谋,1
3069,爱妻,1
3070,白热化,1
3071,年老,1
3072,丧子,1
3073,全局,1
3074,落幕,1
3075,温情脉脉,1
3076,里程碑式,1
3077,史诗,1
3078,巨片,1
3079,事物,1
3080,大大胖胖,1
3081,景观,1
3082,眼界,1
3083,挂念,1
3084,克里斯•加纳,1
3085,积蓄,1
3086,治疗仪,1
3087,推销,1
3088,桑迪,1
3089,牛顿,1
3090,Newton,1
3091,克里斯托夫,1
3092,贾登,1
3093,克里斯好,1
3094,股票,1
3095,实习,1
3096,奋斗,1
3097,地铁站,1
3098,公共,1
3099,收容,1
3100,坚信,1
3101,布莱斯,1
3102,卡兰•,1
3103,麦克奥利菲,1
3104,玛德琳,1
3105,•卡,1
3106,高高,1
3107,梧桐树,1
3108,施工,1
3109,捍卫,1
3110,退缩,1
3111,下蛋,1
3112,科技展,1
3113,全场,1
3114,焦点,1
3115,黯然失色,1
3116,卫生,1
3117,丢掉,1
3118,冰点,1
3119,诉说,1
3120,拮据,1
3121,动手,1
3122,鼎力相助,1
3123,道歉,1
3124,风波,1
3125,晚宴,1
3126,午餐,1
3127,评选,1
3128,事故,1
3129,白人,1
3130,翁菲利普,1
3131,招聘,1
3132,全职,1
3133,陪护,1
3134,薪酬,1
3135,应聘者,1
3136,云集,1
3137,舌灿,1
3138,莲花,1
3139,Sy,1
3140,张辞,1
3141,退信,1
3142,申领,1
3143,救济金,1
3144,大于,1
3145,相中,1
3146,小伙子,1
3147,试用期,1
3148,虚荣,1
3149,复健,1
3150,灌肠,1
3151,拆信,1
3152,穿丝袜,1
3153,值观,1
3154,大相径庭,1
3155,金麒麟奖,1
3156,影帝,1
3157,桂冠,1
3158,刑案,1
3159,辩护律师,1
3160,查尔斯•,1
3161,劳顿,1
3162,休养,1
3163,严厉,1
3164,监督,1
3165,服药,1
3166,杜绝,1
3167,电梯,1
3168,牙尖,1
3169,嘴利,1
3170,诉状,1
3171,梅休,1
3172,当事人,1
3173,泰隆•,1
3174,鲍华,1
3175,登门拜访,1
3176,出山,1
3177,打官司,1
3178,相见,1
3179,仆人,1
3180,打蛋器,1
3181,鄙夷,1
3182,修改,1
3183,毒手,1
3184,头号,1
3185,嫌疑犯,1
3186,克里斯汀,1
3187,玛琳,1
3188,•黛德丽,1
3189,h饰,1
3190,登门,1
3191,冷漠,1
3192,淡定,1
3193,隐情,1
3194,莎•克里斯蒂,1
3195,亲眼目睹,1
3196,孤单,1
3197,吉姆,1
3198,检查官,1
3199,通力,1
3200,后顾之忧,1
3201,奔波,1
3202,休止,1
3203,高谭市,1
3204,犯罪率,1
3205,速度,1
3206,下降,1
3207,上天入地,1
3208,过像,1
3209,席卷,1
3210,支配者,1
3211,小丑,1
3212,狂潮,1
3213,最终,1
3214,所作所为,1
3215,危害,1
3216,粉碎,1
3217,针对性,1
3218,军械库,1
3219,纠结,1
3220,余华,1
3221,少福贵,1
3222,赌成性,1
3223,产气,1
3224,变卖,1
3225,首饰,1
3226,租间,1
3227,破屋,1
3228,拉凤霞,1
3229,出世,1
3230,庆回,1
3231,前非,1
3232,皮影,1
3233,安份守己,1
3234,福贵,1
3235,国民党,1
3236,劳工,1
3237,哑巴,1
3238,大跃进,1
3239,文化大革命,1
3240,逆境,1
3241,溥仪,1
3242,尊龙,1
3243,登基,1
3244,眼光,1
3245,大臣,1
3246,蝈蝈,1
3247,江山,1
3248,名词,1
3249,朝廷,1
3250,账本,1
3251,大清江山,1
3252,傀儡,1
3253,解放后,1
3254,苏联,1
3255,押送,1
3256,监视,1
3257,解放军,1
3258,猜测,1
3259,割脉,1
3260,风风雨雨,1
3261,斑斑,1
3262,萨雷兹,1
3263,洪水猛兽,1
3264,传承,1
3265,产业,1
3266,一年一度,1
3267,亡灵节,1
3268,每逢,1
3269,魂魄,1
3270,祭坛,1
3271,生者,1
3272,亡灵,1
3273,祝福,1
3274,已故,1
3275,歌神,1
3276,布拉特,1
3277,落魄,1
3278,乐手,1
3279,埃克托,1
3280,盖尔,1
3281,加西亚,1
3282,贝纳尔,1
3283,塔拉,1
3284,庄园,1
3285,农场主,1
3286,莱斯利,1
3287,霍华德,1
3288,奥利维娅,1
3289,维兰,1
3290,de,1
3291,挑起,1
3292,人妻,1
3293,投机,1
3294,克拉克,1
3295,盖博,1
3296,心心念念多年,1
3297,状告,1
3298,可思议,1
3299,生育,1
3300,肩膀,1
3301,承担,1
3302,重压,1
3303,勉强,1
3304,眷顾,1
3305,魔幻战争,1
3306,高潮,1
3307,比特人,1
3308,弗拉多,1
3309,伊利亚,1
3310,携带,1
3311,Astin,1
3312,狡猾,1
3313,阴暗,1
3314,末日山,1
3315,魔君索伦,1
3316,全力,1
3317,白袍,1
3318,巫师,1
3319,伊安,1
3320,麦克莱恩,1
3321,Ian,1
3322,镇守,1
3323,白城,1
3324,米那斯提里斯,1
3325,魔兽,1
3326,压境,1
3327,终结篇,1
3328,托尔金,1
3329,魔幻,1
3330,巨著,1
3331,The,1
3332,of,1
3333,the,1
3334,服装,1
3335,化妆,1
3336,前途无量,1
3337,运动员,1
3338,遗憾,1
3339,金牌,1
3340,寄托,1
3341,名吉塔,1
3342,法缇玛,1
3343,纱卡,1
3344,Sana,1
3345,桑亚,1
3346,玛荷塔,1
3347,哈维亚,1
3348,昂首挺胸,1
3349,比赛场,1
3350,进步,1
3351,神速,1
3352,获胜,1
3353,名人,1
3354,体育,1
3355,Carl,1
3356,屋子,1
3357,着迷,1
3358,爱侣,1
3359,有朝一日,1
3360,专卖,1
3361,五颜六色,1
3362,卡尔始料,1
3363,门廊,1
3364,荒野,1
3365,开拓者,1
3366,休让,1
3367,胖墩,1
3368,讨厌,1
3369,一老一少,1
3370,千难万险,1
3371,怜爱,1
3372,大鸟,1
3373,狗狗逗逗,1
3374,Dug,1
3375,惊讶,1
3376,崇拜,1
3377,蒙兹,1
3378,达目,1
3379,不择手段,1
3380,寄养,1
3381,姨妈,1
3382,欺凌,1
3383,通知书,1
3384,海格口,1
3385,身世,1
3386,来哈利,1
3387,魔法师,1
3388,献身,1
3389,唯有,1
3390,麦格,1
3391,推荐,1
3392,格兰芬多,1
3393,魁地奇,1
3394,球队,1
3395,滋长,1
3396,三头犬,1
3397,寻灵感,1
3398,拉菲,1
3399,斯波,1
3400,帕帖尔,1
3401,伊尔凡,1
3402,rrfan,1
3403,迪勒,1
3404,侯赛因,1
3405,Hussain,1
3406,少年派,1
3407,苏拉,1
3408,沙玛,1
3409,Suraj,1
3410,Sharma,1
3411,看法,1
3412,恋情人,1
3413,忍成性,1
3414,杰拉尔,1
3415,德帕迪,1
3416,érard,1
3417,深夜,1
3418,大海,1
3419,一瞬间,1
3420,吞噬,1
3421,货船,1
3422,救生船,1
3423,漂流,1
3424,意想,1
3425,孟加拉,1
3426,老虎,1
3427,杂货店,1
3428,严智媛,1
3429,闲暇,1
3430,雨伞,1
3431,近在咫尺,1
3432,相貌,1
3433,猥琐,1
3434,酒气,1
3435,冲天,1
3436,大叔,1
3437,开启,1
3438,柔嫩,1
3439,岂止,1
3440,枝枝叶叶,1
3441,无良,1
3442,铺天盖地,1
3443,周身,1
3444,诧异,1
3445,包围,1
3446,悲痛欲绝,1
3447,问凶,1
3448,灿烂,1
3449,笑容,1
3450,涉嫌,1
3451,被告,1
3452,言之凿凿,1
3453,休息室,1
3454,裁定,1
3455,判处,1
3456,enry,1
3457,屑一顾,1
3458,合理,1
3459,疑点,1
3460,人生观,1
3461,继母,1
3462,负担,1
3463,学徒,1
3464,年青,1
3465,巫婆,1
3466,心想,1
3467,火焰,1
3468,河北,1
3469,挂甲台村,1
3470,姜文饰,1
3471,游击队,1
3472,捆绑,1
3473,麻袋,1
3474,大年三十,1
3475,战战兢兢,1
3476,信号,1
3477,说动,1
3478,驻地,1
3479,粮食,1
3480,宪兵,1
3481,酒冢猪吉,1
3482,同乡,1
3483,客气,1
3484,皇军,1
3485,蒙耻,1
3486,殴打,1
3487,联欢,1
3488,送粮,1
3489,古老,1
3490,机器岛,1
3491,蕴藏,1
3492,矿工,1
3493,一见如故,1
3494,拉比达帝国,1
3495,物件,1
3496,飞行石,1
3497,人马,1
3498,掳走,1
3499,救朋友,1
3500,罗家英,1
3501,西天,1
3502,取经,1
3503,合谋,1
3504,观音,1
3505,萌生,1
3506,铲除,1
3507,心思,1
3508,投胎,1
3509,做人,1
3510,罪孽,1
3511,悟空化,1
3512,身强盗头头至尊宝,1
3513,预谋,1
3514,僧肉,1
3515,蜘蛛,1
3516,精春,1
3517,蓝洁瑛,1
3518,菩提,1
3519,老祖,1
3520,众强盗,1
3521,伤春,1
3522,中毒,1
3523,倒流,1
3524,徐峥,1
3525,保健品,1
3526,失婚,1
3527,受益,1
3528,王传君,1
3529,开辟,1
3530,代购,1
3531,可收拾,1
3532,慢粒,1
3533,制药,1
3534,代理商,1
3535,病患,1
3536,思慧,1
3537,谭卓,1
3538,流利,1
3539,神父腔,1
3540,杨新鸣,1
3541,脾气,1
3542,章宇,1
3543,合伙,1
3544,利润,1
3545,倍增,1
3546,周一围,1
3547,仿制,1
3548,假药,1
3549,张长林,1
3550,王砚辉,1
3551,正牌,1
3552,医药,1
3553,李乃文,1
3554,虎视眈眈,1
3555,拉锯战,1
3556,陆勇代,1
3557,购抗,1
3558,癌药,1
3559,克里斯•,1
3560,奥唐纳,1
3561,中学生,1
3562,坦白,1
3563,勒退,1
3564,Pacino,1
3565,退伍军官,1
3566,顶点,1
3567,交集,1
3568,转折,1
3569,出行,1
3570,佳肴,1
3571,飚车,1
3572,套房,1
3573,袅袅,1
3574,香水味,1
3575,优雅性感,1
3576,探戈,1
3577,头颅,1
3578,查理声,1
3579,嘶力竭,1
3580,曙光,1
3581,人情,1
3582,礼堂,1
3583,激昂,1
3584,演说,1
3585,讽刺,1
3586,欧洲,1
3587,赫本,1
3588,国务,1
3589,烦身,1
3590,繁文缛节,1
3591,夜景,1
3592,巧遇,1
3593,报社,1
3594,格里高利,1
3595,Peck,1
3596,把手,1
3597,作客,1
3598,过夜,1
3599,料乔,1
3600,炮制,1
3601,乔和,1
3602,埃迪,1
3603,艾伯特,1
3604,乔只能,1
3605,良机,1
3606,送予,1
3607,罗马,1
3608,大使馆,1
3609,古灵精怪,1
3610,萨瓦特,1
3611,卡西欧,1
3612,菲利浦,1
3613,诺瓦雷,1
3614,忘年之交,1
3615,乐趣,1
3616,好心,1
3617,露天,1
3618,着火,1
3619,莱昂纳蒂,1
3620,格妮丝,1
3621,Nano,1
3622,情侣,1
3623,山盟,1
3624,隔断,1
3625,残破,1
3626,追忆,1
3627,唏嘘,1
3628,真相大白,1
3629,宋佑硕,1
3630,司法,1
3631,考试,1
3632,转行,1
3633,敏锐,1
3634,最新,1
3635,产代,1
3636,讥讽,1
3637,随时随地,1
3638,夜店,1
3639,迈进,1
3640,富足,1
3641,民主化,1
3642,愈演愈烈,1
3643,外事,1
3644,巨变,1
3645,置身事外,1
3646,朴镇宇,1
3647,从属,1
3648,联合会,1
3649,左翼,1
3650,虐待,1
3651,民主,1
3652,辩护,1
3653,•诺顿,1
3654,职员,1
3655,失眠症,1
3656,憎恨,1
3657,肥皂,1
3658,浑身,1
3659,失火,1
3660,破旧,1
3661,缘际会,1
3662,创立,1
3663,护具,1
3664,宗旨,1
3665,全国性,1
3666,个人,1
3667,魅力,1
3668,盲目,1
3669,信徒,1
3670,现况,1
3671,影子,1
3672,神通广大,1
3673,伪装,1
3674,骗取,1
3675,金额,1
3676,逍遥,1
3677,伪造,1
3678,大夫,1
3679,亚当斯,1
3680,出爱,1
3681,火花,1
3682,优差,1
3683,盯住,1
3684,FBI探员,1
3685,领教,1
3686,佩服,1
3687,有惊无险,1
3688,布局,1
3689,猫鼠游戏,1
3690,话说,1
3691,国有,1
3692,石猴,1
3693,日精月华,1
3694,邱岳峰,1
3695,猴子,1
3696,求得,1
3697,称心,1
3698,神猴,1
3699,大禹治水,1
3700,定海神针,1
3701,如意,1
3702,金箍棒,1
3703,毕克,1
3704,上天,1
3705,诉诸,1
3706,富润生,1
3707,玉皇大帝,1
3708,金星,1
3709,尚华,1
3710,下界,1
3711,招安,1
3712,爵位,1
3713,养马,1
3714,弼马温,1
3715,猴王反下天庭,1
3716,天兵,1
3717,古典,1
3718,名著,1
3719,西游记,1
3720,历时,1
3721,捷克斯洛伐克卡,1
3722,维发利,1
3723,短片,1
3724,厄瓜多尔,1
3725,三等奖,1
3726,安多里尼,1
3727,德尼,1
3728,科利昂镇,1
3729,安东尼奥,1
3730,玛丽亚,1
3731,卡塔,1
3732,西乔,1
3733,漂洋过海,1
3734,谋生,1
3735,入境,1
3736,海关,1
3737,登记,1
3738,纳瑞斯,1
3739,初领,1
3740,圣体,1
3741,迈克尔侥幸,1
3742,躲过,1
3743,异国他乡,1
3744,血海,1
3745,得报,1
3746,迈克尔性命,1
3747,灭口,1
3748,狮子王国,1
3749,威严,1
3750,觊觎,1
3751,宝座,1
3752,开杀,1
3753,反复,1
3754,穆法沙惨,1
3755,别有用心,1
3756,劝辛,1
3757,丁满,1
3758,彭彭,1
3759,雄壮,1
3760,狮子,1
3761,复国,1
3762,复国救民,1
3763,男子汉,1
3764,领会,1
3765,格局,1
3766,观赏性,1
3767,比族人,1
3768,奥兰多•布鲁姆,1
3769,追踪,1
3770,伊恩•,1
3771,投降,1
3772,强兽人,1
3773,金利,1
3774,入侵,1
3775,精救,1
3776,授意,1
3777,中立者,1
3778,顺受,1
3779,奋起,1
3780,伊莱贾•,1
3781,前进,1
3782,入口,1
3783,黑门,1
3784,威尔顿,1
3785,预备,1
3786,沉稳,1
3787,凝重,1
3788,升学率,1
3789,毕业班,1
3790,升入,1
3791,春风,1
3792,严肃,1
3793,校史,1
3794,反思,1
3795,绿茵场,1
3796,宣读,1
3797,课桌,1
3798,视角,1
3799,俯瞰,1
3800,发散式,1
3801,共鸣,1
3802,求索,1
3803,路途,1
3804,诗社,1
3805,击节而歌,1
3806,基汀队长,1
3807,宛若,1
3808,春风化雨,1
3809,无声,1
3810,华沙,1
3811,颠沛流离,1
3812,亲戚,1
3813,受尽,1
3814,羞辱,1
3815,藏身,1
3816,养育,1
3817,恶病缠身,1
3818,搜捕,1
3819,弹奏,1
3820,钢琴曲,1
3821,恻隐之心,1
3822,苏军,1
3823,瓦拉迪斯,1
3824,•斯皮曼,1
3825,自传体,1
3826,死亡城市,1
3827,计算机,1
3828,饲养,1
3829,一帆风顺,1
3830,打败,1
3831,超人,1
3832,特勤,1
3833,比尔博•,1
3834,巴金斯,1
3835,夏尔,1
3836,戒指,1
3837,打造,1
3838,至尊魔戒,1
3839,奴役,1
3840,胜利,1
3841,朝夕相处,1
3842,心性,1
3843,宴会,1
3844,侄子,1
3845,伊莱贾‧,1
3846,袍巫师,1
3847,伊恩‧,1
3848,戒落,1
3849,比族,1
3850,塞巴拉多,1
3851,集结,1
3852,夺取,1
3853,王国瑞,1
3854,文希尔,1
3855,陪同,1
3856,跃马,1
3857,旅店,1
3858,精灵族,1
3859,保管,1
3860,开会,1
3861,烈焰,1
3862,奥兰多‧布鲁姆,1
3863,军除,1
3864,索伦爪牙,1
3865,黑骑士,1
3866,安全局,1
3867,乌尔利希,1
3868,穆厄,1
3869,剧作,1
3870,塞巴斯蒂安,1
3871,玛蒂娜,1
3872,杰蒂克,1
3873,刊登,1
3874,西德,1
3875,明镜,1
3876,审问,1
3877,台湾,1
3878,硕果,1
3879,大师,1
3880,老年,1
3881,每周日,1
3882,费心,1
3883,丰盛,1
3884,菜肴,1
3885,杨贵媚,1
3886,吴倩莲,1
3887,王渝文,1
3888,齐齐拉,1
3889,饭桌,1
3890,离世,1
3891,缺口,1
3892,味觉,1
3893,悄无声息,1
3894,黄昏,1
3895,看重,1
3896,菜天赋,1
3897,惊喜,1
3898,传记片,1
3899,拉塞尔•克劳,1
3900,研究生,1
3901,发表,1
3902,博弈,1
3903,军事,1
3904,深远,1
3905,蜚声,1
3906,直觉,1
3907,分裂症,1
3908,学术,1
3909,进军,1
3910,艾丽西亚,1
3911,艰缓,1
3912,停步,1
3913,意志,1
3914,如愿以偿,1
3915,莫伦,1
3916,玩牌,1
3917,高手,1
3918,巨资,1
3919,赌局,1
3920,落入,1
3921,圈套,1
3922,绞尽脑汁,1
3923,老式,1
3924,烟枪,1
3925,惦念,1
3926,供应商,1
3927,费尽,1
3928,供应,1
3929,商熨,1
3930,整整齐齐,1
3931,钱款,1
3932,坐享其成,1
3933,抢劫案,1
3934,厉害,1
3935,破烟枪,1
3936,无知,1
3937,莽撞,1
3938,置身,1
3939,脱身,1
3940,笑料,1
3941,偶发,1
3942,穿插,1
3943,小人物,1
3944,大人物,1
3945,辛酸,1
3946,民国,1
3947,年间,1
3948,花钱,1
3949,走马上任,1
3950,途经,1
3951,劫匪,1
3952,姜文,1
3953,伏击,1
3954,活命,1
3955,谎称,1
3956,师爷,1
3957,汤师爷,1
3958,摇身一变,1
3959,赶赴,1
3960,上任,1
3961,天高皇帝远,1
3962,地处,1
3963,黄四郎,1
3964,放在眼里,1
3965,武教头,1
3966,姜武,1
3967,害死张,1
3968,义子,1
3969,小六,1
3970,张默,1
3971,竟会,1
3972,土匪,1
3973,恶霸,1
3974,角力,1
3975,愁云密布,1
3976,血雨腥风在所难免,1
3977,马识途,1
3978,夜谭十记,1
3979,盗官记,1
3980,维果,1
3981,莫腾森,1
3982,Viggo,1
3983,吊儿郎当,1
3984,侍者,1
3985,停业,1
3986,可托尼,1
3987,房租,1
3988,生活费,1
3989,取消,1
3990,当务之急,1
3991,填补,1
3992,空缺,1
3993,马赫沙拉,1
3994,·阿里,1
3995,雇佣托尼,1
3996,星期,1
3997,巡回演出,1
3998,歧视,1
3999,保镖,1
4000,公平,1
4001,种族歧视,1
4002,深恶痛绝,1
4003,飓风,1
4004,侵袭,1
4005,新奥尔良,1
4006,病危,1
4007,睡眼,1
4008,戴茜,1
4009,布兰切特,1
4010,•奥蒙德,1
4011,阅读,1
4012,作者,1
4013,布拉德•,1
4014,皮特饰,1
4015,停战,1
4016,发育,1
4017,杰明,1
4018,深深,1
4019,疑惑,1
4020,麦克墨菲,1
4021,尼科尔森,1
4022,劳动,1
4023,死气沉沉,1
4024,冲击,1
4025,转播,1
4026,管理,1
4027,制度,1
4028,护士长,1
4029,拉契特,1
4030,路易丝,1
4031,捕鱼,1
4032,振奋,1
4033,惩处,1
4034,胆大妄为,1
4035,院规,1
4036,麦克再,1
4037,病友,1
4038,印第安,1
4039,酋长,1
4040,飞越,1
4041,努克,1
4042,斯特芬,1
4043,迪蒂,1
4044,安娜,1
4045,希恩斯,1
4046,阿尔卑斯山,1
4047,居于,1
4048,高山,1
4049,甘茨,1
4050,如鱼得水,1
4051,羊倌彼得,1
4052,奎林,1
4053,·阿格里皮,1
4054,山下彼得,1
4055,法兰克福,1
4056,识A,1
4057,奥特曼,1
4058,伴读,1
4059,幼年,1
4060,丧母,1
4061,站立,1
4062,轮椅,1
4063,相伴,1
4064,马克西姆,1
4065,梅米特,1
4066,救命稻草,1
4067,卡萨斯,1
4068,贤惠,1
4069,丰收,1
4070,羡慕,1
4071,野心勃勃,1
4072,芭芭拉,1
4073,蓝妮,1
4074,Bárbara,1
4075,保持,1
4076,肉体,1
4077,日幽会,1
4078,丹尼尔联,1
4079,春末,1
4080,墨索里尼,1
4081,脚踏车,1
4082,撩著,1
4083,波浪状,1
4084,黑亮,1
4085,秀发,1
4086,穿著,1
4087,时髦,1
4088,短裙,1
4089,丝袜,1
4090,踏著,1
4091,跟鞋,1
4092,西西里岛,1
4093,引人瞩目,1
4094,勾人,1
4095,遐想,1
4096,心醉,1
4097,羡妒,1
4098,女神,1
4099,乐园,1
4100,不由自主,1
4101,青少年,1
4102,著单车,1
4103,穿梭,1
4104,搜寻,1
4105,丰姿,1
4106,风情,1
4107,小跟班,1
4108,随形,1
4109,跟监,1
4110,窥视,1
4111,摇曳,1
4112,倩影,1
4113,贴身,1
4114,衣物,1
4115,透过,1
4116,镇民,1
4117,祸水,1
4118,忿怒,1
4119,夹杂,1
4120,著情欲,1
4121,激愤,1
4122,侵扰,1
4123,沉沦,1
4124,断绝,1
4125,财产,1
4126,纯朴,1
4127,人心,1
4128,一无所有,1
4129,泥沼,1
4130,马特•达蒙,1
4131,伞兵,1
4132,遇难,1
4133,无依无靠,1
4134,总指挥部,1
4135,小分队,1
4136,厄本,1
4137,戴维斯,1
4138,敌方,1
4139,打交道,1
4140,底值,1
4141,值得,1
4142,热忱,1
4143,气息,1
4144,获救,1
4145,贫寒,1
4146,Bahare,1
4147,责罚,1
4148,央求,1
4149,保密,1
4150,替换,1
4151,进城,1
4152,打消,1
4153,全市,1
4154,长跑,1
4155,季军,1
4156,运动鞋,1
4157,哀求,1
4158,Dariush,1
4159,破例,1
4160,实力,1
4161,要得,1
4162,Asa,1
4163,调令,1
4164,搬迁,1
4165,农庄,1
4166,条纹,1
4167,睡衣,1
4168,形容,1
4169,慎微,1
4170,举止,1
4171,担忧,1
4172,制止,1
4173,同龄,1
4174,氛围,1
4175,布鲁诺惟,1
4176,观众票,1
4177,选奖,1
4178,神户,1
4179,冬日,1
4180,中山美穗,1
4181,未婚,1
4182,夫藤,1
4183,井树,1
4184,祭日,1
4185,抑制,1
4186,逝恋,1
4187,同学录,1
4188,小樽市,1
4189,地址,1
4190,依循,1
4191,天国,1
4192,久渡边博子,1
4193,署名,1
4194,中山,1
4195,美穗,1
4196,回信,1
4197,相仿,1
4198,柏原崇,1
4199,博子,1
4200,书信,1
4201,藤井树曾,1
4202,柔情,1
4203,安德鲁斯,1
4204,歌唱,1
4205,众嬷嬷,1
4206,商量,1
4207,特拉普,1
4208,普卢默,1
4209,家的家庭,1
4210,长久,1
4211,完婚,1
4212,占领,1
4213,奥地利,1
4214,办事,1
4215,歌山县,1
4216,景色,1
4217,优美,1
4218,渔村,1
4219,惨无人道,1
4220,数以万计,1
4221,海域,1
4222,戛然而止,1
4223,合适,1
4224,•贝瑞,1
4225,Barry,1
4226,死让,1
4227,屠杀场,1
4228,公之于众,1
4229,伦警司,1
4230,巴伦堡,1
4231,通风报信害,1
4232,改名换姓,1
4233,会堂,1
4234,通知,1
4235,亲友,1
4236,拉比,1
4237,拉里,1
4238,一无所获,1
4239,闲谈,1
4240,起莫,1
4241,麦戈文,1
4242,名角,1
4243,高远,1
4244,脚踏实地,1
4245,储物柜,1
4246,百元钞,1
4247,预付款,1
4248,休•,1
4249,杰克曼Hugh,1
4250,•贝尔,1
4251,华丽,1
4252,富人,1
4253,圈子,1
4254,常客,1
4255,争强好胜,1
4256,名气,1
4257,魔术界,1
4258,大厅,1
4259,魔术师,1
4260,明争暗斗如箭在弦上,1
4261,分身术,1
4262,叫座,1
4263,叫好,1
4264,情势,1
4265,无穷,1
4266,魔力,1
4267,目瞪口呆,1
4268,招接,1
4269,血案,1
4270,联调局,1
4271,乔迪,1
4272,福斯特,1
4273,科学组,1
4274,格伦,1
4275,州立巴尔,1
4276,摩法,1
4277,访问,1
4278,霍普金斯,1
4279,机构,1
4280,希尔德,1
4281,连环,1
4282,水牛,1
4283,泰德,1
4284,莱文,1
4285,分析,1
4286,低俗小说,1
4287,首尾,1
4288,部分,1
4289,南瓜,1
4290,早餐,1
4291,塞缪尔•,1
4292,杰克逊,1
4293,约翰•特拉沃尔塔John,1
4294,天外有天,1
4295,放过,1
4296,小盗贼,1
4297,马沙•,1
4298,文•瑞姆斯,1
4299,明知,1
4300,雷池,1
4301,美艳,1
4302,拳击手,1
4303,布鲁斯•威利斯,1
4304,祖传,1
4305,环状,1
4306,结构,1
4307,诵读,1
4308,圣经,1
4309,转变,1
4310,丹尼斯,1
4311,勒翰,1
4312,Lehane,1
4313,搭档查克,1
4314,鲁弗洛,1
4315,乘船,1
4316,禁闭岛,1
4317,病犯,1
4318,手刃,1
4319,骨肉,1
4320,女犯,1
4321,蕾切尔,1
4322,莫迪默,1
4323,戒备森严,1
4324,牢室,1
4325,藏匿,1
4326,孤岛,1
4327,主治,1
4328,医师,1
4329,金斯利,1
4330,内情,1
4331,透露,1
4332,纵火,1
4333,德洛丽丝,1
4334,精神病,1
4335,人体,1
4336,艾什顿,1
4337,库奇,1
4338,糟糕,1
4339,记得,1
4340,纠缠,1
4341,建议,1
4342,记事本,1
4343,记事,1
4344,错事,1
4345,弥补,1
4346,跨越,1
4347,更改,1
4348,不可救药,1
4349,蝴蝶效应,1
4350,牵一发而动全身,1
4351,暴食,1
4352,懒惰,1
4353,连坏,1
4354,杀人案,1
4355,凶手故弄玄虚,1
4356,资深,1
4357,沙摩塞,1
4358,米尔斯,1
4359,图书馆,1
4360,研读,1
4361,但丁,1
4362,神曲,1
4363,人间地狱,1
4364,描绘,1
4365,投案,1
4366,自首,1
4367,杀人逻辑,1
4368,瞄准,1
4369,麻省,1
4370,公布,1
4371,数学题,1
4372,清洁工,1
4373,威尔马,1
4374,和好,1
4375,阿弗莱特,1
4376,闲逛,1
4377,宣判,1
4378,看守所,1
4379,求情,1
4380,保释,1
4381,牢狱,1
4382,辅导,1
4383,抗拒,1
4384,束手无策,1
4385,心房,1
4386,敞开,1
4387,心胸,1
4388,一席话,1
4389,豁然开朗,1
4390,无名作,1
4391,裘德,1
4392,亚伯拉罕,1
4393,Murray,1
4394,Abraham,1
4395,席间,1
4396,饱经风雨,1
4397,前世今生,1
4398,雷沃,1
4399,追随,1
4400,门童,1
4401,为人,1
4402,精明能干,1
4403,首屈一指,1
4404,胜地,1
4405,年迈,1
4406,D夫人,1
4407,蒂尔达,1
4408,斯文顿,1
4409,Swinton,1
4410,情投意合,1
4411,中将,1
4412,惹恼,1
4413,迪米特里,1
4414,德里安,1
4415,布洛迪,1
4416,厄运,1
4417,同性恋人,1
4418,大瀑布,1
4419,根廷,1
4420,布宜诺斯艾利斯,1
4421,过日子,1
4422,夜夜,1
4423,笙歌,1
4424,港湾,1
4425,分歧,1
4426,距离,1
4427,复返,1
4428,意味,1
4429,浮现,1
4430,瑛太饰,1
4431,小时候,1
4432,姑姑川,1
4433,尻松子,1
4434,纪饰,1
4435,白雪公主,1
4436,百口莫辩,1
4437,辞退,1
4438,遗言,1
4439,生而为人,1
4440,松子,1
4441,女郎,1
4442,有意无意,1
4443,破碎,1
4444,萧条,1
4445,失业率,1
4446,受尽压榨,1
4447,日以继夜,1
4448,赚取,1
4449,收入,1
4450,流水线,1
4451,皮带,1
4452,苦笑,1
4453,温馨,1
4454,犯事,1
4455,好转,1
4456,歌舞,1
4457,红星,1
4458,负伤,1
4459,海军,1
4460,杰克•萨利,1
4461,萨姆•沃辛顿,1
4462,Sam,1
4463,同胞,1
4464,操纵,1
4465,西格妮,1
4466,•韦弗,1
4467,纳美部族,1
4468,结合,1
4469,生物,1
4470,世代,1
4471,家园,1
4472,砍伐,1
4473,殆尽,1
4474,原始,1
4475,纳美,1
4476,娜蒂瑞,1
4477,佐伊•索尔达娜,1
4478,Zoe,1
4479,纳美人,1
4480,技能,1
4481,史蒂芬•朗,1
4482,诉诸武力,1
4483,赶纳,1
4484,采用,1
4485,发行,1
4486,电影史,1
4487,魂器,1
4488,鲁伯特,1
4489,格林特,1
4490,Grint,1
4491,阴云,1
4492,密布,1
4493,驱逐,1
4494,瑞克曼,1
4495,kman,1
4496,觉察,1
4497,利目,1
4498,率领,1
4499,徒众,1
4500,逼近,1
4501,死徒,1
4502,摄魂怪,1
4503,涌入,1
4504,死伤,1
4505,眼泪,1
4506,父辈,1
4507,.罗琳,1
4508,系列,1
4509,完结篇,1
4510,醉心,1
4511,平时,1
4512,龙套,1
4513,柳飘飘,1
4514,鹃姐,1
4515,赏识,1
4516,提携,1
4517,担演,1
4518,片场,1
4519,场务,1
4520,吴孟达,1
4521,尹天仇阴差阳错,1
4522,约翰尼•,1
4523,戴普,1
4524,剪刀手,1
4525,闯入,1
4526,化妆品,1
4527,推销员,1
4528,女儿金,1
4529,•瑞德,1
4530,坏事,1
4531,引人入胜,1
4532,悬疑,1
4533,女星,1
4534,通讯,1
4535,惊悚,1
4536,顺序,1
4537,牌号,1
4538,猜忌,1
4539,威廉•华,1
4540,莱士,1
4541,民族英雄,1
4542,马索•华莱士,1
4543,武术,1
4544,梅尔•吉布森,1
4545,求婚,1
4546,广大,1
4547,呼声,1
4548,华莱,1
4549,士率,1
4550,起义,1
4551,缓和,1
4552,局势,1
4553,苏菲•玛索,1
4554,人民,1
4555,归国,1
4556,送信,1
4557,风趣,1
4558,迷人,1
4559,斯伯洛,1
4560,德普,1
4561,Depp,1
4562,惬意,1
4563,自由自在,1
4564,船只,1
4565,仇敌,1
4566,老谋深算,1
4567,杰弗,1
4568,Rush,1
4569,猖狂,1
4570,横行霸道,1
4571,罗亚尔港,1
4572,总督,1
4573,白青梅,1
4574,竹马,1
4575,铁匠学,1
4576,徒威尔,1
4577,奥兰多,1
4578,布鲁姆,1
4579,舰队,1
4580,拦截,1
4581,军舰,1
4582,打斗,1
4583,骷髅,1
4584,伊莉莎白,1
4585,解开,1
4586,京畿道华,1
4587,城郡,1
4588,发臭,1
4589,金相庆,1
4590,缺乏,1
4591,经验,1
4592,曹探员,1
4593,河饰,1
4594,逼供,1
4595,推断,1
4596,屈打成招,1
4597,客观,1
4598,据理分析,1
4599,排除,1
4600,共识,1
4601,符合,1
4602,特征,1
4603,小青年,1
4604,朴海,1
4605,日饰,1
4606,神经绷紧,1
4607,锁定,1
4608,检测,1
4609,麦斯,1
4610,米科尔森,1
4611,Mikkelsen,1
4612,托儿所,1
4613,温和,1
4614,安妮卡,1
4615,韦德科普,1
4616,早熟,1
4617,幼稚,1
4618,示好,1
4619,婉转,1
4620,报复性,1
4621,性侵,1
4622,女童,1
4623,排挤,1
4624,压迫,1
4625,爱犬,1
4626,吐露,1
4627,句点,1
4628,Tautou,1
4629,不幸,1
4630,心跳,1
4631,绝缘,1
4632,豁达,1
4633,乐观,1
4634,自闭,1
4635,忧郁,1
4636,刻薄,1
4637,菜摊,1
4638,伙计,1
4639,遗失,1
4640,器物,1
4641,咖啡店,1
4642,录象带,1
4643,店员,1
4644,尼诺,1
4645,卡索维,1
4646,棘手,1
4647,维埃拉,1
4648,提莫,1
4649,共享,1
4650,假日,1
4651,汉莫,1
4652,致命,1
4653,性别,1
4654,桎梏,1
4655,马奇娅,1
4656,艾斯特,1
4657,加莱尔,1
4658,Garrel,1
4659,奉献,1
4660,汹涌,1
4661,冲破,1
4662,防线,1
4663,怀俄明州,1
4664,沉默寡言,1
4665,农夫,1
4666,希斯•莱,1
4667,杰饰,1
4668,牛仔,1
4669,杰克•,1
4670,吉伦希尔,1
4671,牧羊,1
4672,人迹罕至,1
4673,羊群,1
4674,无味,1
4675,天寒地冻,1
4676,酒精,1
4677,断背山,1
4678,季节性,1
4679,放牧,1
4680,迫于,1
4681,世俗,1
4682,迎娶,1
4683,露琳,1
4684,扶植,1
4685,智障,1
4686,李龙久,1
4687,柳成龙,1
4688,艺胜,1
4689,葛素媛,1
4690,书包,1
4691,龙久,1
4692,幼童,1
4693,诱拐,1
4694,奸杀案,1
4695,龙久懵懂无知,1
4696,昏头昏脑,1
4697,聚集,1
4698,犯蘇,1
4699,杨浩,1
4700,吴达洙,1
4701,诈骗犯,1
4702,崔春浩,1
4703,朴元尚,1
4704,通奸犯,1
4705,姜万范,1
4706,金正泰,1
4707,恐吓犯,1
4708,老徐,1
4709,金基灿,1
4710,申奉植,1
4711,郑万植,1
4712,俱全,1
4713,渣滓,1
4714,相会,1
4715,综合,1
4716,研究所,1
4717,反映,1
4718,显示器,1
4719,方便,1
4720,失窃,1
4721,侵入,1
4722,师千,1
4723,叶敦子,1
4724,红辣椒,1
4725,同步,1
4726,避免,1
4727,作恶,1
4728,节主,1
4729,竞赛,1
4730,葡萄牙,1
4731,影评,1
4732,人选,1
4733,择奖,1
4734,蒙特利尔,1
4735,大众,1
4736,选择奖,1
4737,右手,1
4738,凶煞,1
4739,达卡,1
4740,解除,1
4741,穷苦,1
4742,铁矿,1
4743,提炼,1
4744,矿石,1
4745,白狼,1
4746,神莫娜,1
4747,幽灵,1
4748,阿斯达卡,1
4749,穷人,1
4750,立场,1
4751,摇摆,1
4752,击毙,1
4753,帮麒麟夺回头颅,1
4754,村庄,1
4755,浮躁,1
4756,青山绿水,1
4757,俨然,1
4758,怡然,1
4759,世外桃源,1
4760,勤劳,1
4761,渺小,1
4762,与世无争,1
4763,节奏,1
4764,老宅,1
4765,福子,1
4766,山川,1
4767,胡乱,1
4768,实心眼,1
4769,感叹,1
4770,味蕾,1
4771,遵循,1
4772,烹制,1
4773,佑太,1
4774,吉子,1
4775,无忧无虑,1
4776,北京,1
4777,革命,1
4778,停课,1
4779,大院,1
4780,突出,1
4781,自找,1
4782,乐子,1
4783,闹事,1
4784,婆子,1
4785,嗜好,1
4786,万能,1
4787,院里,1
4788,头儿,1
4789,耿乐,1
4790,炮局,1
4791,毛孩,1
4792,中意,1
4793,稳重,1
4794,军迎,1
4795,青春期,1
4796,王朔,1
4797,短篇小说,1
4798,动物凶猛,1
4799,银狮奖,1
4800,威利斯,1
4801,枪击,1
4802,饮枪自毙,1
4803,麦克带,1
4804,症状,1
4805,海利,1
4806,奥斯蒙,1
4807,灵异,1
4808,难以置信,1
4809,金城武,1
4810,综合症,1
4811,擦肩而过,1
4812,保质期,1
4813,王菲,1
4814,光顾,1
4815,周嘉玲,1
4816,梦游,1
4817,大提琴,1
4818,林大悟,1
4819,本木雅弘,1
4820,管弦乐,1
4821,乐团,1
4822,噩耗,1
4823,乐器,1
4824,债务,1
4825,得已,1
4826,美香,1
4827,广末,1
4828,凉子,1
4829,广告,1
4830,高薪,1
4831,短工,1
4832,面试,1
4833,佐佐木生荣,1
4834,山崎努,1
4835,二话,1
4836,聘用,1
4837,佐佐木,1
4838,道明,1
4839,日语,1
4840,Kan,1
4841,忌惮,1
4842,薪水,1
4843,谈何容易,1
4844,遗体,1
4845,不适,1
4846,妻友,1
4847,小林,1
4848,小森村,1
4849,时尚,1
4850,色彩,1
4851,当地人,1
4852,富裕,1
4853,充实,1
4854,桐島,1
4855,かれん,1
4856,浓厚,1
4857,再现,1
4858,母女,1
4859,特色,1
4860,更何况,1
4861,暴殄天物,1
4862,大好,1
4863,韶光,1
4864,裕太,1
4865,走过,1
4866,春夏秋冬,1
4867,江南,1
4868,才子,1
4869,心酸,1
4870,作反,1
4871,内功,1
4872,脉象,1
4873,埋怨,1
4874,仇人,1
4875,出游,1
4876,貌若天仙,1
4877,华府,1
4878,丁以,1
4879,宁王,1
4880,刁难,1
4881,出面,1
4882,斗法,1
4883,怎料宁,1
4884,王跟夺,1
4885,面书生,1
4886,幸得,1
4887,出手,1
4888,许配,1
4889,达维,1
4890,盛情,1
4891,翌日,1
4892,感想,1
4893,解越,1
4894,纪念日,1
4895,库恩,1
4896,缠绵,1
4897,莎蒙德,1
4898,Pike,1
4899,痕迹,1
4900,女探员,1
4901,朗达,1
4902,迪肯斯,1
4903,接到,1
4904,报案,1
4905,昭示,1
4906,裂变,1
4907,妄加,1
4908,揣测,1
4909,全国,1
4910,甜言蜜语,1
4911,吉莉安,1
4912,弗琳,1
4913,吴念真,1
4914,生意人,1
4915,金燕玲,1
4916,李凯莉,1
4917,张杨洋,1
4918,耗空,1
4919,内疚,1
4920,替代品,1
4921,麻烦重重,1
4922,破产,1
4923,照相机,1
4924,简简单单,1
4925,悲凉,1
4926,亨利•,1
4927,巴赫特,1
4928,代课,1
4929,反叛,1
4930,多丽丝,1
4931,刘玉玲,1
4932,煎熬,1
4933,挑衅,1
4934,巧妙,1
4935,萨沙,1
4936,克里斯蒂娜•,1
4937,亨德里克斯,1
4938,ristina,1
4939,苦闷,1
4940,梅丽迪斯,1
4941,体重,1
4942,弥留,1
4943,萦绕,1
4944,夜里,1
4945,公车,1
4946,黯然神伤,1
4947,流泪,1
4948,情形,1
4949,嫖客,1
4950,凌辱,1
4951,雏妓,1
4952,艾瑞卡,1
4953,萨米•盖尔,1
4954,单身,1
4955,警长,1
4956,有效,1
4957,贝尔,1
4958,杀登特,1
4959,销声匿迹,1
4960,状态,1
4961,偷取,1
4962,指纹,1
4963,破财,1
4964,核弹,1
4965,主席,1
4966,精密,1
4967,孤绝,1
4968,指日可待,1
4969,至亲,1
4970,阿福,1
4971,辞职,1
4972,米拉达,1
4973,面目,1
4974,露出,1
4975,小学,1
4976,年级,1
4977,关口雄,1
4978,介饰,1
4979,无聊,1
4980,爱知县,1
4981,丰桥市,1
4982,岸本,1
4983,加世,1
4984,子饰,1
4985,帮正男,1
4986,旅费,1
4987,北野,1
4988,武饰,1
4989,正男,1
4990,老婆,1
4991,爱知,1
4992,风车,1
4993,初三,1
4994,月岛雯,1
4995,借书卡,1
4996,天泽圣司,1
4997,店主,1
4998,激发,1
4999,小提琴,1
5000,写作,1
5001,想念,1
5002,书生宁,1
5003,采臣,1
5004,宿鬼寺,1
5005,兰若寺,1
5006,侠士,1
5007,午马饰,1
5008,艳女,1
5009,相悦,1
5010,树妖,1
5011,精壮,1
5012,阳气,1
5013,臣心,1
5014,加害,1
5015,宁采臣,1
5016,功力,1
5017,深厚,1
5018,惠子,1
5019,柳乐,1
5020,弥饰,1
5021,撒谎,1
5022,百货,1
5023,行使,1
5024,职责,1
5025,条留,1
5026,托付,1
5027,无亲无故,1
5028,一无所知,1
5029,京山,1
5030,San,1
5031,专业,1
5032,大赛,1
5033,磁力,1
5034,参赛者,1
5035,考官,1
5036,毁于一旦,1
5037,大火,1
5038,会场,1
5039,命丧,1
5040,火场,1
5041,身心,1
5042,创伤,1
5043,治疗型,1
5044,大白竟,1
5045,弗雷德,1
5046,险恶,1
5047,尽欺辱,1
5048,出人头地,1
5049,缝隙,1
5050,今次,1
5051,大名,1
5052,大业,1
5053,假冒,1
5054,敲诈,1
5055,藏龙卧虎,1
5056,绝技者,1
5057,元华,1
5058,梁小龙,1
5059,观战,1
5060,领悟,1
5061,竹川萤,1
5062,闯进,1
5063,山神,1
5064,迷路,1
5065,焦急,1
5066,面具,1
5067,感激,1
5068,禁止,1
5069,烟消云散,1
5070,走遍,1
5071,遵守,1
5072,和银,1
5073,无论如何,1
5074,绿川幸,1
5075,开放,1
5076,黎明,1
5077,杨恭如,1
5078,天津,1
5079,国语版,1
5080,无锡,1
5081,大钱,1
5082,风风光光,1
5083,大陆,1
5084,港讨,1
5085,避讳,1
5086,异乡,1
5087,程度,1
5088,交往,1
5089,豹哥,1
5090,到此为止,1
5091,心脏,1
5092,景子,1
5093,静养,1
5094,欧式,1
5095,莉埃蒂,1
5096,志田,1
5097,三浦友,1
5098,大竹忍,1
5099,地板,1
5100,察觉,1
5101,夜深人静,1
5102,厨房,1
5103,瞥见,1
5104,有心,1
5105,打扰,1
5106,诺顿,1
5107,丁格尔,1
5108,贝丝妮,1
5109,惠特摩尔,1
5110,hany,1
5111,澳大利亚,1
5112,墨尔本,1
5113,酒鬼,1
5114,茶叶,1
5115,包装厂,1
5116,平日,1
5117,标本,1
5118,心血来潮,1
5119,纽约市,1
5120,询问,1
5121,樱桃,1
5122,笔友,1
5123,托妮,1
5124,科莱特,1
5125,昂锡,1
5126,影展,1
5127,渥太华,1
5128,积存,1
5129,陶渊明,1
5130,津端,1
5131,阅历,1
5132,深藏,1
5133,长河,1
5134,瑰宝,1
5135,三顾茅庐,1
5136,山林,1
5137,点头,1
5138,协助,1
5139,著手,1
5140,高藏寺,1
5141,一隅,1
5142,安东尼雷蒙德,1
5143,自豪,1
5144,木造,1
5145,建成,1
5146,景緻,1
5147,庭园,1
5148,栽植,1
5149,蔬果,1
5150,巧手,1
5151,烹饪,1
5152,裁缝,1
5153,耕作,1
5154,家居,1
5155,体贴,1
5156,用心,1
5157,印证,1
5158,大师科,1
5159,比意,1
5160,名言,1
5161,藏宝,1
5162,盒」,1
5163,公团,1
5164,首席,1
5165,开道,1
5166,理念,1
5167,建案,1
5168,共生,1
5169,优先,1
5170,採纳,1
5171,无生气,1
5172,改从,1
5173,住宅区,1
5174,购入,1
5175,房屋,1
5176,种植,1
5177,林木,1
5178,勤奋,1
5179,淨土,1
5180,珍宝,1
5181,岛国,1
5182,小嗝嗝,1
5183,杰伊•巴鲁切尔,1
5184,Baru,1
5185,chel,1
5186,杰拉德,1
5187,巴特勒,1
5188,飞龙,1
5189,牧羊群,1
5190,天敌,1
5191,射龙器,1
5192,击伤,1
5193,放生,1
5194,豢养,1
5195,驯服,1
5196,一同,1
5197,亚美莉卡,1
5198,费雷拉,1
5199,身骑,1
5200,御风而飞,1
5201,格雷,1
5202,讲明,1
5203,弄巧成拙,1
5204,被俘,1
5205,期而遇,1
5206,怦然心动,1
5207,纳渡,1
5208,相约,1
5209,促销,1
5210,书店,1
5211,午后,1
5212,散步,1
5213,护城河,1
5214,泛舟,1
5215,兴致勃勃,1
5216,烟花,1
5217,忘情,1
5218,吉他,1
5219,怀念,1
5220,爱恋,1
5221,天高地厚,1
5222,绵亘,1
5223,森口悠子,1
5224,松隆子,1
5225,无视,1
5226,告白,1
5227,芦田,1
5228,游泳池,1
5229,森口,1
5230,动声色,1
5231,辞去,1
5232,职务,1
5233,心怀,1
5234,惴惴,1
5235,春假,1
5236,袭向,1
5237,无知无畏,1
5238,少男少女,1
5239,湊かなえ,1
5240,环游,1
5241,各种各样,1
5242,稀奇古怪,1
5243,精彩绝伦,1
5244,克鲁德普,1
5245,光怪陆离,1
5246,无比厌烦,1
5247,婚后,1
5248,威尔才,1
5249,人世,1
5250,奥秘,1
5251,故国,1
5252,肯尼迪,1
5253,戏剧性,1
5254,祖国,1
5255,政变,1
5256,身份证,1
5257,签证,1
5258,进退两难,1
5259,滞留,1
5260,证件,1
5261,办理,1
5262,洗手间,1
5263,洗漱,1
5264,候机室,1
5265,睡觉,1
5266,因地制宜,1
5267,照料,1
5268,邋遢,1
5269,晦气,1
5270,史坦利•图齐,1
5271,气愤妒忌,1
5272,空姐,1
5273,艾米利亚,1
5274,•泽塔,1
5275,琼斯,1
5276,Zeta,1
5277,观察,1
5278,高中生,1
5279,任娜美,1
5280,沈恩京,1
5281,方言,1
5282,浓重,1
5283,怯于,1
5284,开口,1
5285,姐头,1
5286,姜索拉,1
5287,执着,1
5288,双眼皮,1
5289,满嘴,1
5290,脏话,1
5291,黄珍熙,1
5292,徐金玉,1
5293,俞福姬,1
5294,沉默,1
5295,郑秀智,1
5296,少女团,1
5297,Sunny,1
5298,主妇,1
5299,探望,1
5300,唤醒,1
5301,佩里,1
5302,劳瑟,1
5303,节讨,1
5304,人质,1
5305,边界,1
5306,逃窜,1
5307,科斯特纳,1
5308,鲁莽,1
5309,愚蠢,1
5310,菲利普照,1
5311,顾有加,1
5312,探瑞德,1
5313,克林特,1
5314,伊斯特伍德,1
5315,州长,1
5316,特派,1
5317,萨利,1
5318,Laura,1
5319,Dern,1
5320,德克萨斯州,1
5321,公路,1
5322,竞技,1
5323,近似,1
5324,金轮国,1
5325,叶玉卿,1
5326,表哥,1
5327,霸占江山,1
5328,传国玉,1
5329,玉玺,1
5330,师父,1
5331,糊涂,1
5332,国师,1
5333,淫威,1
5334,屈服,1
5335,具体,1
5336,金靴,1
5337,脱落,1
5338,钟镇涛,1
5339,奄奄一息,1
5340,恳求,1
5341,适逢,1
5342,周伯通,1
5343,师妹,1
5344,表妹,1
5345,张学友,1
5346,人才,1
5347,段智兴,1
5348,蓄势,1
5349,主持人,1
5350,河正宇,1
5351,税率,1
5352,听众,1
5353,首尔昌,1
5354,信洞,1
5355,超高,1
5356,电费,1
5357,部门,1
5358,偏离,1
5359,为由,1
5360,切断,1
5361,扬言,1
5362,炸掉,1
5363,汉江,1
5364,以为然,1
5365,怂恿,1
5366,话音,1
5367,麻浦,1
5368,大惊失色,1
5369,翻身仗,1
5370,连线,1
5371,直播,1
5372,无关良知,1
5373,渡过,1
5374,兹塔班,1
5375,恶棍,1
5376,休里斯,1
5377,实用,1
5378,地图,1
5379,魔杖,1
5380,指向,1
5381,眼神,1
5382,天庭,1
5383,珍奇,1
5384,书籍,1
5385,石龛门,1
5386,观看,1
5387,下凡,1
5388,石壁,1
5389,本意,1
5390,触犯,1
5391,天条,1
5392,丹炉,1
5393,仙丹,1
5394,狐狸偷,1
5395,精下,1
5396,骗人,1
5397,扮仙姑,1
5398,官府,1
5399,勾结,1
5400,欺压,1
5401,祸害,1
5402,指引,1
5403,异禀,1
5404,蛋生,1
5405,修习,1
5406,狐狸精,1
5407,除害,1
5408,长相,1
5409,夜深,1
5410,衣橱,1
5411,甜美,1
5412,电力,1
5413,发电,1
5414,能量,1
5415,害怕,1
5416,苏利文,1
5417,约翰•古德曼,1
5418,出色,1
5419,业绩,1
5420,摇摇领先,1
5421,吓哭,1
5422,眼怪,1
5423,比利•克里斯托,1
5424,玛丽•吉布斯,1
5425,调皮,1
5426,阿布,1
5427,人仰马翻,1
5428,詹姆斯•柯博,1
5429,莫名,1
5430,放逐,1
5431,抵挡,1
5432,了阿布,1
5433,艰险,1
5434,史蒂夫,1
5435,卡瑞尔,1
5436,Steve,1
5437,Carell,1
5438,埃及,1
5439,金字塔,1
5440,市面,1
5441,辈出,1
5442,纳法利欧,1
5443,拉塞尔,1
5444,Brand,1
5445,升空,1
5446,月亮,1
5447,贷款,1
5448,收缩,1
5449,射线枪,1
5450,席格尔,1
5451,Segel,1
5452,回收,1
5453,缩射线枪,1
5454,卡斯格拉夫,1
5455,伊迪丝,1
5456,达娜,1
5457,Dana,1
5458,埃尔希,1
5459,兜售,1
5460,饼干,1
5461,偷盗,1
5462,小鬼,1
5463,感情用事,1
5464,周密,1
5465,盗月,1
5466,莫里斯,1
5467,整齐,1
5468,蒂姆,1
5469,安迪再,1
5470,冷落,1
5471,玩伴,1
5472,废物,1
5473,误解,1
5474,捐赠,1
5475,幼儿园,1
5476,劝解,1
5477,收效甚微,1
5478,特丽,1
5479,地主,1
5480,物色,1
5481,称心如意,1
5482,达西马,1
5483,麦克菲迪恩,1
5484,互生,1
5485,偏见,1
5486,有情人,1
5487,眷属,1
5488,笔下,1
5489,风貌,1
5490,多姆纳尔,1
5491,格利森,1
5492,Nighy,1
5493,Tim,1
5494,Mary,1
5495,Rachel,1
5496,男朋友,1
5497,麦克•,1
5498,垂暮之年,1
5499,转投,1
5500,酷爱,1
5501,私生子,1
5502,火爆,1
5503,好色,1
5504,安迪•加西亚,1
5505,爱女,1
5506,索菲娅•科波拉,1
5507,相恋,1
5508,疏远,1
5509,资产,1
5510,合法化,1
5511,梵蒂冈,1
5512,教廷,1
5513,关系网,1
5514,屹立,1
5515,教皇,1
5516,轴心,1
5517,嚣张,1
5518,态势,1
5519,强弩之末,1
5520,战局,1
5521,走向,1
5522,冲绳岛,1
5523,拉开序幕,1
5524,斗志昂扬,1
5525,大兵,1
5526,冲绳,1
5527,敌军,1
5528,防守,1
5529,道斯,1
5530,加菲尔德,1
5531,弗吉尼亚,1
5532,瘦弱,1
5533,志愿,1
5534,救死扶伤,1
5535,应征,1
5536,入伍,1
5537,枪支,1
5538,操练,1
5539,军事法庭,1
5540,几经周折,1
5541,战友,1
5542,枪林弹雨,1
5543,应声,1
5544,倒地,1
5545,濒死,1
5546,证券,1
5547,管理人,1
5548,孔侑,1
5549,光鲜,1
5550,精干,1
5551,重利,1
5552,轻义之徒,1
5553,决裂,1
5554,金秀安,1
5555,自私,1
5556,抽出,1
5557,特快,1
5558,可疑,1
5559,暴动,1
5560,懵然无知,1
5561,速之客,1
5562,刹那,1
5563,感染者,1
5564,车厢,1
5565,尸变,1
5566,几何数,1
5567,爆发性,1
5568,通往,1
5569,遥遥,1
5570,布满,1
5571,丹尼尔•,1
5572,警告,1
5573,劝告,1
5574,怪事,1
5575,墙壁,1
5576,斯莱特林,1
5577,传闻,1
5578,商末,1
5579,陈塘关,1
5580,总兵,1
5581,李靖,1
5582,怀胎,1
5583,伶俐,1
5584,李靖原,1
5585,妖孽欲杀之而后快,1
5586,乙真,1
5587,赐名,1
5588,乾坤圈,1
5589,天下,1
5590,大旱,1
5591,甘露,1
5592,洗澡,1
5593,混天绫,1
5594,搅动,1
5595,海水,1
5596,巡海,1
5597,夜叉,1
5598,李艮,1
5599,太子,1
5600,敖丙,1
5601,通天,1
5602,四海龙,1
5603,王齐聚,1
5604,陈塘关索,1
5605,交出,1
5606,封神演义,1
5607,文化部,1
5608,创作奖,1
5609,马尼拉,1
5610,布尔波拉斯,1
5611,评委奖,1
5612,宽银幕,1
5613,金猎人,1
5614,舒尔茨,1
5615,黑奴,1
5616,杰米,1
5617,福克斯,1
5618,舒尔茨实,1
5619,无法无天,1
5620,赏金,1
5621,缉拿,1
5622,暴虐,1
5623,庄园主,1
5624,卡尔文,1
5625,坎迪,1
5626,解救,1
5627,布鲁姆希尔达,1
5628,凯丽,1
5629,华盛顿,1
5630,考布,1
5631,执导,1
5632,经典,1
5633,昆丁,1
5634,无耻混蛋,1
5635,巨制,1
5636,力作,1
5637,奢华,1
5638,可见,1
5639,奇思,1
5640,元素,1
5641,野性,1
5642,动作,1
5643,场面,1
5644,强档,1
5645,群戏,1
5646,卡司,1
5647,沃尔兹,1
5648,遗留,1
5649,植物,1
5650,望而却步,1
5651,蔓延,1
5652,蚕食,1
5653,主角娜,1
5654,乌茜卡,1
5655,海风,1
5656,抵御,1
5657,有毒,1
5658,孢子,1
5659,强国,1
5660,特洛梅,1
5661,意欲,1
5662,霸权,1
5663,统一,1
5664,总攻,1
5665,主导,1
5666,上古,1
5667,怪兽,1
5668,重现,1
5669,宫崎骏,1
5670,分获,1
5671,马奇幻,1
5672,大藤信郎奖,1
5673,赵文瑄,1
5674,事业有成,1
5675,招数,1
5676,归亚蕾,1
5677,逼婚,1
5678,乖乖仔,1
5679,修书,1
5680,得志,1
5681,金素梅,1
5682,假婚,1
5683,草率,1
5684,拼命三郎,1
5685,浑身解数,1
5686,天算,1
5687,返台,1
5688,推迟,1
5689,红灯,1
5690,战国,1
5691,秋天,1
5692,收成,1
5693,白米饭,1
5694,志村,1
5695,乔饰,1
5696,浪人,1
5697,久藏,1
5698,宫口,1
5699,胜四郎,1
5700,木村,1
5701,功饰,1
5702,五郎,1
5703,稻叶义,1
5704,男饰,1
5705,七郎,1
5706,加东,1
5707,大介饰,1
5708,平八,1
5709,千秋,1
5710,实饰,1
5711,郎饰,1
5712,摩擦,1
5713,反扑,1
5714,雷•沃纳尔,1
5715,加利•,1
5716,艾尔维斯,1
5717,铁链,1
5718,横亘,1
5719,鲜血淋漓,1
5720,左手,1
5721,当兜,1
5722,今晚,1
5723,同归于尽,1
5724,幸免,1
5725,流出,1
5726,剧毒,1
5727,关头,1
5728,重见天日,1
5729,拉斯加德,1
5730,固执,1
5731,老头,1
5732,半年前,1
5733,早晨,1
5734,巡视,1
5735,确认,1
5736,位置,1
5737,驶入,1
5738,赶走,1
5739,猫狗,1
5740,恶邻,1
5741,上司,1
5742,解雇,1
5743,恪守,1
5744,岗位,1
5745,心灰意冷,1
5746,帕维娜,1
5747,哈·帕斯,1
5748,Bahar,1
5749,Pars,1
5750,隔壁,1
5751,绊脚石,1
5752,星巴克,1
5753,西恩•潘,1
5754,Penn,1
5755,智力,1
5756,水平,1
5757,帮山姆,1
5758,无影无踪,1
5759,达科塔•范宁,1
5760,甲壳虫,1
5761,把露,1
5762,山姆一心,1
5763,抚养权,1
5764,自以为是,1
5765,伪钞,1
5766,狄龙,1
5767,情同手足,1
5768,谭成,1
5769,李子雄,1
5770,枪伤,1
5771,被捕,1
5772,孤身,1
5773,瘸子,1
5774,一落千丈,1
5775,恨之入骨,1
5776,立誓,1
5777,顾苦,1
5778,重创,1
5779,投明,1
5780,谅解,1
5781,帮会,1
5782,谭成欲,1
5783,放言,1
5784,会害,1
5785,走投无路,1
5786,巴西,1
5787,里约热内卢,1
5788,叹息,1
5789,转身,1
5790,掠夺,1
5791,裹挟,1
5792,导致,1
5793,灾难性,1
5794,匪徒,1
5795,胆小怕事,1
5796,分道扬镳,1
5797,夹重,1
5798,豆子,1
5799,心狠手辣,1
5800,吞并,1
5801,地盘,1
5802,贫民区,1
5803,暴利,1
5804,买卖,1
5805,飞黄腾达,1
5806,Haagensen,1
5807,安迪丽卡,1
5808,Braga,1
5809,归隐,1
5810,送别,1
5811,人手,1
5812,阿炮,1
5813,杂志社,1
5814,相机,1
5815,持枪,1
5816,荷弹,1
5817,无休无止,1
5818,利迪,1
5819,里朗斯,1
5820,临终,1
5821,设置,1
5822,韦德,1
5823,泰尔,1
5824,谢里丹,1
5825,Tye,1
5826,艾奇,1
5827,Lena,1
5828,大东,1
5829,森崎温,1
5830,阿尔忒弥斯,1
5831,奥利维亚,1
5832,库克,1
5833,征程,1
5834,诺兰索伦托,1
5835,门德尔森,1
5836,资本,1
5837,马特•戴,1
5838,睡梦,1
5839,一知半解,1
5840,闪回所,1
5841,寻找回,1
5842,接踵而至,1
5843,•伯恩,1
5844,激怒,1
5845,莫斯科,1
5846,马德里,1
5847,丹吉尔,1
5848,停留,1
5849,原始人,1
5850,Grug,1
5851,尼古拉斯,1
5852,凯奇,1
5853,庇护,1
5854,抢夺,1
5855,鸵鸟蛋为食,1
5856,野兽,1
5857,同一个,1
5858,斯通,1
5859,Stone,1
5860,好奇心,1
5861,崭新,1
5862,绚丽,1
5863,食人,1
5864,花草,1
5865,鸟兽,1
5866,全所未有,1
5867,游牧部,1
5868,落族人,1
5869,Guy,1
5870,雷诺兹,1
5871,超凡,1
5872,革新,1
5873,产品,1
5874,走路,1
5875,闹腾,1
5876,风云变幻,1
5877,压制,1
5878,波及,1
5879,台风,1
5880,暴雨,1
5881,老字号,1
5882,旋涡,1
5883,鞋匠,1
5884,街尾,1
5885,任达华,1
5886,养家糊口,1
5887,吴君,1
5888,辛辣,1
5889,直率,1
5890,侠盗,1
5891,李治廷,1
5892,品学兼优,1
5893,运动会,1
5894,钟绍图,1
5895,溺爱,1
5896,天性,1
5897,顽皮,1
5898,其乐融融,1
5899,芳菲,1
5900,蔡颖恩,1
5901,纯美,1
5902,扫荡,1
5903,飓风暴雨,1
5904,潜伏,1
5905,陡生,1
5906,变故,1
5907,神偷,1
5908,新生代,1
5909,砵仔糕,1
5910,周润,1
5911,发饰,1
5912,锺楚红,1
5913,养父,1
5914,曾江饰,1
5915,栽培,1
5916,艺术品,1
5917,朱江饰,1
5918,干爹,1
5919,博物馆,1
5920,盗走,1
5921,妖气,1
5922,原凶,1
5923,谋设,1
5924,下陷阱,1
5925,快艇,1
5926,相撞,1
5927,朱江,1
5928,部族,1
5929,西族人,1
5930,背景,1
5931,奔走,1
5932,难民,1
5933,弗兰西斯,1
5934,麦克多蒙德,1
5935,哈克斯,1
5936,一晃眼,1
5937,告破,1
5938,预兆,1
5939,注意力,1
5940,转移,1
5941,缠绕,1
5942,租下,1
5943,高速公路,1
5944,巨型,1
5945,控诉,1
5946,办案,1
5947,无能,1
5948,矛头,1
5949,直接,1
5950,·哈里森,1
5951,久矣,1
5952,翻天覆地,1
5953,核心,1
5954,事务所,1
5955,退出,1
5956,万事开头难,1
5957,未麻,1
5958,恐吓,1
5959,经纪人,1
5960,田所,1
5961,遇袭,1
5962,口吻,1
5963,网站,1
5964,恍惚,1
5965,同意,1
5966,剧组,1
5967,出演,1
5968,尺度,1
5969,强暴戏,1
5970,演艺,1
5971,转折点,1
5972,出镜率,1
5973,攀升,1
5974,裸露,1
5975,写真,1
5976,麻拍,1
5977,裸照,1
5978,村野,1
5979,遇害,1
5980,达拉斯市,1
5981,恐同,1
5982,电工,1
5983,伍德鲁夫,1
5984,艾滋,1
5985,胸苷,1
5986,药管局,1
5987,准面市,1
5988,处方,1
5989,替代,1
5990,批准,1
5991,萨克斯,1
5992,异装,1
5993,癖同性,1
5994,恋雷蒙,1
5995,杰瑞德,1
5996,莱托,1
5997,Leto,1
5998,达拉斯,1
5999,艾滋病人,1
6000,患病,1
6001,同性恋,1
6002,药商,1
6003,病魔,1
6004,制药商,1
6005,境遇,1
6006,剧情类,1
6007,男主,1
6008,大小,1
6009,奖项,1
6010,报馆,1
6011,搬进,1
6012,住户,1
6013,婚外情,1
6014,商讨,1
6015,对策,1
6016,君子,1
6017,闲言碎语,1
6018,脑袋,1
6019,回避,1
6020,刻骨相思,1
6021,挣脱,1
6022,父权,1
6023,失手,1
6024,同村,1
6025,安逸,1
6026,专制,1
6027,留守,1
6028,慰藉,1
6029,杀夫,1
6030,莽夫,1
6031,死讯,1
6032,自律,1
6033,村长,1
6034,污点,1
6035,掉落,1
6036,蓝图,1
6037,污迹,1
6038,剥开,1
6039,深陷,1
6040,莱纳•,1
6041,谢尔比,1
6042,盖伊•皮尔斯,1
6043,歹徒,1
6044,脑部,1
6045,罕见,1
6046,短期,1
6047,惨死,1
6048,纹身,1
6049,宝丽,1
6050,快照,1
6051,零碎,1
6052,粗俗,1
6053,凯瑞•,1
6054,•莫斯,1
6055,乔•,1
6056,潘托利亚诺,1
6057,上去鬼鬼祟祟,1
6058,好意,1
6059,抽丝,1
6060,真相呼之欲出,1
6061,残酷无比,1
6062,盟军,1
6063,英格玛,1
6064,召集,1
6065,逻辑学,1
6066,本尼迪克特,1
6067,康伯巴奇,1
6068,古迪,1
6069,排斥,1
6070,军情处,1
6071,部长,1
6072,孟席斯,1
6073,斯特朗,1
6074,立项,1
6075,招收,1
6076,空前,1
6077,团结,1
6078,订婚,1
6079,非人,1
6080,霍奇斯,1
6081,编著,1
6082,灵传,1
6083,上映,1
6084,基努,1
6085,里维斯,1
6086,Reeves,1
6087,陷于,1
6088,介于,1
6089,地带,1
6090,莫斯,1
6091,控制者,1
6092,纹奇,1
6093,激斗,1
6094,机甲,1
6095,形势,1
6096,克服,1
6097,统治者,1
6098,大帝,1
6099,协议,1
6100,和平,1
6101,生死存亡,1
6102,决斗,1
6103,大都会,1
6104,巫女,1
6105,宫水三叶,1
6106,上白石,1
6107,萌音,1
6108,头脑,1
6109,亲切,1
6110,前辈,1
6111,繁华,1
6112,花泷,1
6113,立花,1
6114,角度,1
6115,暖心,1
6116,重大,1
6117,锥心,1
6118,本土,1
6119,大佬石,1
6120,震荡,1
6121,壮大,1
6122,旨在,1
6123,干预,1
6124,继任,1
6125,头衔,1
6126,金门旗,1
6127,华侨,1
6128,黄正民,1
6129,常务,1
6130,理事,1
6131,李仲久,1
6132,朴圣雄,1
6133,串明争暗斗,1
6134,崔岷植,1
6135,李子成,1
6136,李政宰,1
6137,器重,1
6138,子成,1
6139,受命,1
6140,非常,1
6141,欲望,1
6142,荒蛮故事,1
6143,失控,1
6144,颠覆性,1
6145,幽默感,1
6146,画面,1
6147,大胆,1
6148,题材,1
6149,偏爱,1
6150,南美,1
6151,鬼才,1
6152,达米安,1
6153,莫多瓦,1
6154,腐败,1
6155,成风,1
6156,尖锐,1
6157,抨击,1
6158,杂烩,1
6159,郁郁寡欢,1
6160,继父,1
6161,继子,1
6162,废寝忘食,1
6163,架子,1
6164,圣诞节,1
6165,道别,1
6166,突破,1
6167,安检区,1
6168,出轨,1
6169,项链,1
6170,躲入,1
6171,卧室,1
6172,隐忍,1
6173,啜泣,1
6174,夸张,1
6175,迎向,1
6176,娇女,1
6177,爱子,1
6178,共有,1
6179,秋田县,1
6180,大馆市,1
6181,大雪,1
6182,近藤,1
6183,赠与县,1
6184,土木,1
6185,间濑,1
6186,上野秀次郎,1
6187,仲代,1
6188,达矢,1
6189,驯养,1
6190,独生女,1
6191,欢欣鼓舞,1
6192,面露难色,1
6193,石野,1
6194,真子,1
6195,Mako,1
6196,竟怀,1
6197,登门造访,1
6198,对谈,1
6199,诚惶诚恐,1
6200,坦言,1
6201,即日,1
6202,野闻,1
6203,转怒为喜,1
6204,出嫁,1
6205,心血,1
6206,投注,1
6207,幼犬,1
6208,风雨无阻,1
6209,路人,1
6210,主仆,1
6211,特勒,1
6212,导师,1
6213,西蒙斯,1
6214,正规,1
6215,安德鲁越,1
6216,刻苦,1
6217,隔膜,1
6218,暴躁,1
6219,喜怒无常,1
6220,扭曲,1
6221,师生,1
6222,耳濡目染,1
6223,上纽约,1
6224,音乐厅,1
6225,舞台,1
6226,惊恐,1
6227,尘埃,1
6228,严师,1
6229,督教,1
6230,极限,1
6231,打鼓,1
6232,过度,1
6233,初衷,1
6234,负荷,1
6235,师徒,1
6236,疯魔,1
6237,音乐人,1
6238,苦痛,1
6239,励志,1
6240,圣丹斯,1
6241,评审团奖,1
6242,美日战争,1
6243,清太,1
6244,逃命,1
6245,空洞,1
6246,重伤,1
6247,久人世,1
6248,投靠,1
6249,家当,1
6250,给了阿姨,1
6251,人篱,1
6252,硝烟,1
6253,好过,1
6254,清太为,1
6255,营养,1
6256,戴夫•帕特尔,1
6257,作弊,1
6258,命中注定,1
6259,谁想成为百万富翁,1
6260,猜谜,1
6261,欺诈罪,1
6262,严刑,1
6263,下杰玛,1
6264,杰玛年,1
6265,沙里姆,1
6266,芙蕾,1
6267,达•平,1
6268,托饰,1
6269,碎片,1
6270,牵动,1
6271,洗清,1
6272,沉着,1
6273,正确,1
6274,负气,1
6275,中介人,1
6276,剑客,1
6277,畅饮,1
6278,酒话,1
6279,忘却,1
6280,自欺,1
6281,桃花,1
6282,兑现,1
6283,承诺,1
6284,学友,1
6285,村姑,1
6286,杨采妮,1
6287,回首,1
6288,凯特林,1
6289,迪亚斯,1
6290,Dias,1
6291,明尼苏达州,1
6292,息息相关,1
6293,波勒,1
6294,Poehl,1
6295,忧忧,1
6296,菲利丝,1
6297,·哈德尔,1
6298,厌厌,1
6299,敏迪,1
6300,卡灵,1
6301,怒怒,1
6302,刘易斯,1
6303,布莱克,1
6304,协同,1
6305,营造,1
6306,珍贵,1
6307,随同,1
6308,旧金山,1
6309,无所适从,1
6310,负面,1
6311,累积,1
6312,崩塌,1
6313,天鹅湖,1
6314,•赖德,1
6315,Winona,1
6316,文森特•卡索尔,1
6317,分饰,1
6318,Nina,1
6319,娜塔莉•波特曼,1
6320,芭蕾舞,1
6321,关照,1
6322,脱颖而出,1
6323,心机,1
6324,米拉,1
6325,库妮丝,1
6326,强劲,1
6327,选拔,1
6328,无可挑剔,1
6329,背部,1
6330,红斑,1
6331,机亲,1
6332,队友,1
6333,上位,1
6334,酒会,1
6335,外加,1
6336,伤病,1
6337,发挥,1
6338,启发,1
6339,暗示,1
6340,古都,1
6341,镰仓,1
6342,起眼,1
6343,香田,1
6344,早年,1
6345,外孙女,1
6346,担负,1
6347,大姐,1
6348,香田幸,1
6349,绫濑遥,1
6350,尽心尽力,1
6351,佳乃,1
6352,泽雅美,1
6353,千佳,1
6354,夏帆,1
6355,结伴,1
6356,葬礼,1
6357,异母,1
6358,浅野铃,1
6359,广濑,1
6360,血缘,1
6361,憧憬,1
6362,四季,1
6363,流转,1
6364,吉田秋生,1
6365,克兰,1
6366,珍妮特,1
6367,深受,1
6368,沃恩,1
6369,萨姆,1
6370,卢米斯,1
6371,五金店,1
6372,替亡,1
6373,还债,1
6374,赡养费,1
6375,出差,1
6376,周五,1
6377,公款,1
6378,目击,1
6379,周六,1
6380,一大早,1
6381,忐忑,1
6382,入夜,1
6383,大雨,1
6384,视线,1
6385,模糊,1
6386,车泊,1
6387,贝茨,1
6388,投宿,1
6389,珀金斯,1
6390,友善,1
6391,晚餐端,1
6392,进餐,1
6393,周日,1
6394,沐浴,1
6395,山口胜平,1
6396,霸王龙,1
6397,野果,1
6398,饥饿,1
6399,驱使,1
6400,食肉,1
6401,涌动,1
6402,食草,1
6403,阴差阳错,1
6404,恶化,1
6405,前所未有,1
6406,经得起,1
6407,宫西达,1
6408,剑渊,1
6409,赖利,1
6410,出品,1
6411,精度,1
6412,设定,1
6413,操作,1
6414,麦克布瑞尔,1
6415,包揽,1
6416,被胜利者,1
6417,光环,1
6418,无趣,1
6419,游戏厅,1
6420,歇业,1
6421,电子游戏,1
6422,英雄使命,1
6423,冷酷,1
6424,队长,1
6425,Jane,1
6426,赛车,1
6427,云妮,1
6428,丝沃曼,1
6429,上场,1
6430,允许,1
6431,梦想成真,1
6432,所属,1
6433,错误,1
6434,删除,1
6435,扭转乾坤,1
6436,冰河,1
6437,储存,1
6438,毛象曼,1
6439,弗瑞德,1
6440,树獭希德,1
6441,各异,1
6442,曼弗瑞德,1
6443,心怀鬼胎,1
6444,猜疑,1
6445,真诚,1
6446,饥寒交迫,1
6447,下手,1
6448,克鲁斯,1
6449,达斯汀,1
6450,Dustin,1
6451,气愤,1
6452,住处,1
6453,雷蒙带,1
6454,出让,1
6455,习惯,1
6456,离奇古怪,1
6457,共处,1
6458,过目,1
6459,赌场,1
6460,穷困,1
6461,手足,1
6462,浸润,1
6463,鲜红,1
6464,纯白,1
6465,昏黄,1
6466,吉娜,1
6467,罗兰兹,1
6468,静静,1
6469,场景,1
6470,秀美,1
6471,字迹,1
6472,记载,1
6473,富有,1
6474,避暑,1
6475,梦幻,1
6476,游乐场,1
6477,高斯林,1
6478,热恋,1
6479,步入,1
6480,残存,1
6481,古旧,1
6482,寒酸,1
6483,局促,1
6484,柴田,1
6485,临时工,1
6486,Franky,1
6487,祥太,1
6488,超市,1
6489,盗窃,1
6490,佐佐木美,1
6491,安藤樱,1
6492,原生,1
6493,心生恻隐,1
6494,老奶奶,1
6495,初枝,1
6496,养老金,1
6497,亚纪,1
6498,贫困,1
6499,违法,1
6500,边缘,1
6501,笃深,1
6502,羁绊,1
6503,金棕榈,1
6504,杀人犯,1
6505,――约翰•考夫利,1
6506,迈克•克拉克•邓肯,1
6507,Duncan,1
6508,幼女,1
6509,绿里,1
6510,刑场,1
6511,出奇,1
6512,温厚,1
6513,天翻地覆,1
6514,囚犯,1
6515,老鼠,1
6516,注入,1
6517,强度,1
6518,慰籍,1
6519,病痛,1
6520,马琳达,1
6521,金保斯,1
6522,行刑,1
6523,圭臬,1
6524,爱在黎明破晓前,1
6525,爱在日落黄昏时,1
6526,难忘,1
6527,前缘,1
6528,撷取,1
6529,希腊伯,1
6530,奔尼,1
6531,林克莱特,1
6532,跨度,1
6533,惯于,1
6534,只用,1
6535,行走,1
6536,静谧,1
6537,村落,1
6538,悠然,1
6539,露台,1
6540,餐桌,1
6541,实用性,1
6542,取代,1
6543,吵架,1
6544,面纱,1
6545,铺开,1
6546,怨念,1
6547,动人一面,1
6548,重庆,1
6549,工艺品厂,1
6550,倒闭,1
6551,展览,1
6552,拖欠,1
6553,工资,1
6554,工艺品,1
6555,郭涛,1
6556,一筹莫展,1
6557,展览馆,1
6558,黑色幽默,1
6559,幕幕,1
6560,价值,1
6561,胜出者,1
6562,梅利莎,1
6563,乔治,1
6564,游玩,1
6565,翻船,1
6566,残骸,1
6567,欣喜,1
6568,过望,1
6569,思索,1
6570,艾俄洛斯,1
6571,空无一人,1
6572,随处可见,1
6573,指示,1
6574,轮回,1
6575,侵华,1
6576,妇女,1
6577,性奴隶,1
6578,开拍,1
6579,抚平,1
6580,伤口,1
6581,悲喜,1
6582,忧乐,1
6583,特瑞布雷,1
6584,别无二致,1
6585,累累,1
6586,脸庞,1
6587,自卑,1
6588,防止,1
6589,模样,1
6590,罗伯茨,1
6591,课堂,1
6592,同除,1
6593,忧虑重重,1
6594,送入,1
6595,战胜,1
6596,吉恩,1
6597,凯利,1
6598,雷蒙德,1
6599,·哈根,1
6600,好莱坞,1
6601,于丽娜,1
6602,刺耳,1
6603,嗓音,1
6604,匹配,1
6605,其夺目,1
6606,外貌,1
6607,宣传部,1
6608,布朗,1
6609,唐纳德,1
6610,奥康纳,1
6611,爆胎,1
6612,能歌善舞,1
6613,塞尔登,1
6614,黛比,1
6615,雷诺斯,1
6616,首部,1
6617,爵士歌手,1
6618,爆红,1
6619,与丽娜,1
6620,新片,1
6621,预映,1
6622,口碑,1
6623,积极,1
6624,附议,1
6625,吻别,1
6626,唐心花怒放,1
6627,载歌载舞,1
6628,奏效,1
6629,掌声,1
6630,魔法界,1
6631,出外,1
6632,宠物,1
6633,搭理,1
6634,失物,1
6635,热心,1
6636,失主,1
6637,老板娘,1
6638,客人,1
6639,快递,1
6640,热衷,1
6641,老大娘,1
6642,卡西,1
6643,颓废,1
6644,修理工,1
6645,钱德勒,1
6646,后事,1
6647,es,1
6648,监护人,1
6649,李打算,1
6650,显然,1
6651,久留,1
6652,埋藏,1
6653,葬身,1
6654,重回,1
6655,帕特里克那,1
6656,艾丽斯,1
6657,格瑞辰,1
6658,摩尔,1
6659,布丽,1
6660,拉尔森,1
6661,老尼克,1
6662,拐骗,1
6663,后院,1
6664,特伦布莱,1
6665,老尼克时,1
6666,尽管如此,1
6667,竭尽,1
6668,广阔,1
6669,唐纳修,1
6670,轰炸,1
6671,被德军,1
6672,击中,1
6673,逃生,1
6674,土耳其,1
6675,代号,1
6676,鸳鸯茶,1
6677,接头,1
6678,暗号,1
6679,降落,1
6680,占领区,1
6681,不同,1
6682,胡子,1
6683,雷金纳德,1
6684,奥古斯德,1
6685,布尔维尔,1
6686,斯塔尼斯拉斯,1
6687,费内斯,1
6688,搜索,1
6689,会面,1
6690,同盟,1
6691,严酷,1
6692,迭生,1
6693,搞笑,1
6694,虎口,1
6695,同寻常,1
6696,盛事,1
6697,争霸赛,1
6698,争先,1
6699,希翼,1
6700,永恒无上,1
6701,火焰杯,1
6702,选出,1
6703,当选,1
6704,连连,1
6705,铁哥,1
6706,别扭,1
6707,孤立无援,1
6708,好事者,1
6709,丽塔,1
6710,好戏,1
6711,眼皮,1
6712,救人,1
6713,迷宫,1
6714,黑魔,1
6715,王伏地,1
6716,显现,1
6717,险象环生,1
6718,动人心弦,1
6719,温室,1
6720,效应,1
6721,冰川,1
6722,融化,1
6723,应对,1
6724,乱真,1
6725,外表,1
6726,感知,1
6727,伤痛,1
6728,海利•乔•奥斯蒙特,1
6729,马丁苏醒,1
6730,恢复,1
6731,失宠,1
6732,屠宰场,1
6733,渴望,1
6734,脱胎换骨,1
6735,凶吉难料,1
6736,京都,1
6737,正南门,1
6738,云游,1
6739,砍柴人,1
6740,乞丐,1
6741,城门,1
6742,闲聊,1
6743,拉开,1
6744,侮辱,1
6745,做证,1
6746,女巫,1
6747,说法,1
6748,证词,1
6749,减轻,1
6750,罪恶,1
6751,掩饰,1
6752,版本,1
6753,迷雾,1
6754,雨过天晴,1
6755,收养,1
6756,婴孩,1
6757,夕阳,1
6758,张磊,1
6759,猎杀,1
6760,假扮,1
6761,考察团,1
6762,可可西里,1
6763,气候,1
6764,空气,1
6765,稀薄,1
6766,含氧量,1
6767,禁区,1
6768,狂暴,1
6769,羚羊保护站,1
6770,悲惨,1
6771,逃走,1
6772,嶙峋,1
6773,部份,1
6774,羚羊皮,1
6775,抗争,1
6776,领袖,1
6777,诞生,1
6778,时隔,1
6779,审判日,1
6780,洛杉矶,1
6781,施瓦辛格,1
6782,琳达,1
6783,密尔顿,1
6784,言行,1
6785,odel,1
6786,戴森,1
6787,莫顿,1
6788,资料,1
6789,库布,1
6790,命题,1
6791,鸿篇巨制,1
6792,树立,1
6793,史前,1
6794,工具,1
6795,进化,1
6796,里程碑,1
6797,矗立,1
6798,月球,1
6799,寓意,1
6800,杜拉,1
6801,智能,1
6802,错乱,1
6803,死亡线,1
6804,关掉,1
6805,主脑,1
6806,大卫一人,1
6807,进发,1
6808,瑰异,1
6809,壮观,1
6810,星门,1
6811,无尽,1
6812,生死轮回,1
6813,初中生,1
6814,重视,1
6815,毛瑞尔,1
6816,春心,1
6817,萌动,1
6818,足球,1
6819,拍照,1
6820,如痴如狂,1
6821,课时,1
6822,爱慕,1
6823,指出,1
6824,全校,1
6825,按下决心,1
6826,加油,1
6827,小水,1
6828,饮料,1
6829,碰到,1
6830,篮球,1
6831,队员,1
6832,蛮横,1
6833,插队,1
6834,教训,1
6835,点球,1
6836,隐痛,1
6837,舞蹈队,1
6838,话剧社,1
6839,扮演,1
6840,子公主,1
6841,恋情会,1
6842,忍袖手旁观,1
6843,凑够,1
6844,费用,1
6845,治病,1
6846,称兄道弟,1
6847,主意,1
6848,拳击,1
6849,以图,1
6850,一败涂地,1
6851,前嫌,1
6852,强盗,1
6853,坐牢,1
6854,体面,1
6855,花店,1
6856,岭南,1
6857,王力宏,1
6858,话剧组,1
6859,激起,1
6860,情操,1
6861,汪伪政府,1
6862,头子易,1
6863,杀易,1
6864,化名,1
6865,易太太,1
6866,陈冲,1
6867,眼球,1
6868,如火如荼,1
6869,毫无忌讳,1
6870,璀璨,1
6871,候补,1
6872,痛恨,1
6873,媳妇,1
6874,张敏,1
6875,邹兆龙,1
6876,强暴,1
6877,威动,1
6878,嫁祸,1
6879,水师,1
6880,提督,1
6881,大状,1
6882,方唐镜,1
6883,吴启华,1
6884,洗脱,1
6885,迫害,1
6886,落难,1
6887,告御,1
6888,一身斗嘴,1
6889,有功,1
6890,被害,1
6891,聪慧,1
6892,口才,1
6893,公道,1
6894,崔宇植,1
6895,基婷,1
6896,朴素丹,1
6897,地下室,1
6898,拜访,1
6899,头脑简单,1
6900,出手阔绰,1
6901,出国,1
6902,留学,1
6903,转交,1
6904,朴社长,1
6905,李善均,1
6906,赵汝贞,1
6907,寄生虫,1
6908,止步,1
6909,坠入,1
6910,爱河,1
6911,浮出水面,1
6912,回国,1
6913,舞蹈,1
6914,倾心,1
6915,招回,1
6916,营地,1
6917,开除,1
6918,和好友,1
6919,久玛拉,1
6920,阵亡,1
6921,罗伊,1
6922,生还,1
6923,失身,1
6924,杨静怡,1
6925,张震,1
6926,乖仔,1
6927,考上,1
6928,名牌,1
6929,提升,1
6930,猫王,1
6931,王启赞,1
6932,公园,1
6933,跌进,1
6934,外界,1
6935,新识,1
6936,仰慕,1
6937,林鸿铭,1
6938,猝死,1
6939,敬重,1
6940,受损,1
6941,玩弄,1
6942,看透,1
6943,道德感,1
6944,食物链,1
6945,足道,1
6946,老富翁,1
6947,•科尔,1
6948,杰克•尼克尔森,1
6949,私有化,1
6950,改造,1
6951,获利,1
6952,节省,1
6953,成本,1
6954,非议,1
6955,强势,1
6956,以为意,1
6957,罹患,1
6958,癌症,1
6959,单人,1
6960,舆论,1
6961,技师,1
6962,博闻强识,1
6963,子女,1
6964,成才,1
6965,孤身一人,1
6966,遗愿,1
6967,清单,1
6968,纸面,1
6969,构想,1
6970,耗时,1
6971,欧元,1
6972,动用,1
6973,摄制组,1
6974,全球,1
6975,物种,1
6976,海底,1
6977,素材,1
6978,心旷神怡,1
6979,生态学,1
6980,覆盖,1
6981,蓝色,1
6982,领土,1
6983,幽深,1
6984,富饶,1
6985,壮美,1
6986,水母群,1
6987,露脊鲸,1
6988,大白鲨,1
6989,企鹅,1
6990,吝啬,1
6991,镜头,1
6992,旺盛,1
6993,生命力,1
6994,宦官,1
6995,专权,1
6996,明朝,1
6997,中叶,1
6998,曹少钦,1
6999,甄子丹,1
7000,假造,1
7001,圣旨,1
7002,侠女,1
7003,义士,1
7004,冒死,1
7005,边关,1
7006,下周,1
7007,淮安,1
7008,会合,1
7009,乱世,1
7010,美貌,1
7011,风骚,1
7012,诱饵,1
7013,杀人越货,1
7014,潇洒,1
7015,摸清,1
7016,潜藏,1
7017,暗道,1
7018,成亲,1
7019,洞房花,1
7020,烛夜,1
7021,心事,1
7022,东厂,1
7023,一众,1
7024,走狗,1
7025,庄益增,1
7026,雕塑厂,1
7027,夜间,1
7028,保安,1
7029,陈竹昇,1
7030,夜班,1
7031,突发,1
7032,奇想,1
7033,戴立忍,1
7034,贡献,1
7035,片段,1
7036,独身,1
7037,保住,1
7038,名声,1
7039,必要,1
7040,骑兵,1
7041,鲜明,1
7042,艾丹•奎,1
7043,Quinn,1
7044,忠厚,1
7045,亨瑞•,1
7046,托马斯Henry,1
7047,温文尔雅,1
7048,大草原,1
7049,未婚妻,1
7050,奥蒙德,1
7051,震动,1
7052,自主,1
7053,豪放,1
7054,粗犷,1
7055,坚守,1
7056,壮烈,1
7057,万念俱灰,1
7058,趋于,1
7059,亡故,1
7060,波澜,1
7061,富汗,1
7062,空军,1
7063,科特史蒂文斯,1
7064,吉伦,1
7065,莫娜汉,1
7066,Monaghan,1
7067,爆炸,1
7068,密闭,1
7069,太空仓,1
7070,维拉,1
7071,法米,1
7072,视频,1
7073,爆炸案,1
7074,份子,1
7075,高速,1
7076,脑细胞,1
7077,还原,1
7078,南宋,1
7079,妖难分,1
7080,赵文卓,1
7081,收服,1
7082,扰乱,1
7083,西湖,1
7084,修炼,1
7085,白青,1
7086,受惑,1
7087,佯装,1
7088,嫁于,1
7089,书生许仙,1
7090,看上,1
7091,媚态勾引许仙,1
7092,药店,1
7093,安定,1
7094,挑逗,1
7095,舍得,1
7096,国色,1
7097,修成,1
7098,正果,1
7099,身孕,1
7100,搏斗,1
7101,汉斯,1
7102,梅勒尼,1
7103,劳伦特,1
7104,中尉,1
7105,奥尔多,1
7106,布拉德,1
7107,军人,1
7108,神出鬼没,1
7109,杂种,1
7110,姑母,1
7111,布鲁赫,1
7112,Brühl,1
7113,宣传部长,1
7114,戈培尔,1
7115,西尔维斯特,1
7116,格洛斯,1
7117,希特勒,1
7118,乌特克,1
7119,出席,1
7120,放映,1
7121,间谍,1
7122,布里奇特,1
7123,克鲁格,1
7124,Diane,1
7125,Kruger饰,1
7126,奇诺,1
7127,金棕榈奖,1
7128,传奇主,1
7129,唱弗雷迪,1
7130,盛宴,1
7131,接纳,1
7132,马雷克,1
7133,希思,1
7134,搬运工,1
7135,满腔,1
7136,格威利姆,1
7137,迪肯,1
7138,梅泽,1
7139,殿堂级,1
7140,从无到有,1
7141,疏离,1
7142,巅峰,1
7143,缩影,1
7144,音乐史,1
7145,演唱会,1
7146,绀野真琴,1
7147,跳脱,1
7148,值日,1
7149,摔倒,1
7150,手足无措,1
7151,千昭会,1
7152,果穗,1
7153,手臂,1
7154,数字,1
7155,塞拉利昂,1
7156,•迪卡普里奥,1
7157,地道,1
7158,倒卖,1
7159,战区,1
7160,渔夫,1
7161,战乱,1
7162,彻救,1
7163,战地,1
7164,麦迪•,1
7165,鲍文,1
7166,迪亚,1
7167,悲愤,1
7168,所罗门,1
7169,范围,1
7170,血钻,1
7171,水资源,1
7172,短缺,1
7173,连绵,1
7174,争夺,1
7175,有限,1
7176,资源,1
7177,杀戮,1
7178,戈壁,1
7179,山谷,1
7180,武装,1
7181,战郎,1
7182,尖端,1
7183,战车,1
7184,抢掠,1
7185,杀伐,1
7186,得力,1
7187,战将,1
7188,乔恼羞成怒,1
7189,发誓,1
7190,追逐战,1
7191,血主,1
7192,麦克斯,1
7193,追兵,1
7194,汽油,1
7195,子弹,1
7196,全面,1
7197,人生路,1
7198,步履,1
7199,恭平,1
7200,原田芳雄,1
7201,诊所,1
7202,事务,1
7203,落水,1
7204,次子,1
7205,相左,1
7206,异地,1
7207,绘画,1
7208,修复师,1
7209,打拼,1
7210,失业,1
7211,困顿,1
7212,由香,1
7213,夏川,1
7214,结衣,1
7215,忌日,1
7216,千奈美,1
7217,热闹,1
7218,导演奖,1
7219,报知,1
7220,电影奖,1
7221,部宽,1
7222,马塔布拉塔,1
7223,评审团,1
7224,飞旭仔,1
7225,缺失,1
7226,比喻,1
7227,咪咪,1
7228,当当,1
7229,小情人,1
7230,无力感,1
7231,南洋,1
7232,巡警,1
7233,跑船,1
7234,超仔,1
7235,阿飞,1
7236,改写,1
7237,腥风血雨,1
7238,诬陷,1
7239,别无选择,1
7240,冒充,1
7241,洗刷,1
7242,伴侣,1
7243,女主人,1
7244,拍板,1
7245,邮件,1
7246,波动,1
7247,疮痍,1
7248,坦白局,1
7249,困局,1
7250,底线,1
7251,月食,1
7252,达席尔,1
7253,萨法瑞,1
7254,Darsheel,1
7255,惊奇,1
7256,万花筒,1
7257,充分,1
7258,大地,1
7259,慷慨,1
7260,赠与,1
7261,成年人,1
7262,排名,1
7263,匪夷所思,1
7264,鬼点子,1
7265,忍无可忍,1
7266,送往,1
7267,固守成规,1
7268,和尼克相处,1
7269,尼古拉斯•凯奇,1
7270,家族,1
7271,饭馆,1
7272,大门,1
7273,尤瑞遇,1
7274,胆大心细,1
7275,俘获,1
7276,埃娃,1
7277,愈战愈勇,1
7278,顺心,1
7279,毒瘾,1
7280,正义,1
7281,反省,1
7282,正义性,1
7283,众叛亲离,1
7284,阴森,1
7285,芭尔多尼,1
7286,打电话,1
7287,通话,1
7288,手机,1
7289,裂痕,1
7290,隐隐,1
7291,预感,1
7292,落座,1
7293,叙说,1
7294,近况,1
7295,蹊跷反常,1
7296,一带,1
7297,灯光,1
7298,亮灯,1
7299,姆斯特丹,1
7300,郁金香,1
7301,马普蒂斯特•格雷诺,1
7302,韦肖,1
7303,haw,1
7304,市场,1
7305,恶臭,1
7306,分辨,1
7307,制皮匠,1
7308,制皮铺,1
7309,犬马,1
7310,展露,1
7311,香水铺,1
7312,起源地,1
7313,推荐信,1
7314,体香,1
7315,臀部,1
7316,帐号,1
7317,格斗,1
7318,枪械,1
7319,追查,1
7320,化险为夷,1
7321,伯格,1
7322,克劳斯,1
7323,沉浸,1
7324,朗朗,1
7325,读书声,1
7326,沉溺,1
7327,自拔,1
7328,了解,1
7329,法律,1
7330,实习生,1
7331,旁听,1
7332,认出,1
7333,被告席,1
7334,审理,1
7335,性命,1
7336,终身,1
7337,折冠,1
7338,周吉,1
7339,笠智众,1
7340,东山,1
7341,千荣子饰,1
7342,孙子,1
7343,哭闹,1
7344,幸一,1
7345,聪饰,1
7346,春子,1
7347,美容店,1
7348,节子,1
7349,大阪,1
7350,困守,1
7351,守寡,1
7352,孝顺,1
7353,爱丁堡,1
7354,艾文,1
7355,布莱纳,1
7356,病仔,1
7357,Lee,1
7358,混沌,1
7359,糜烂,1
7360,吸毒,1
7361,滥交,1
7362,诈骗,1
7363,肆无忌惮,1
7364,万恶,1
7365,重蹈覆辙,1
7366,狂欢,1
7367,爱丽森,1
7368,Susan,1
7369,锒铛入狱,1
7370,吸食,1
7371,抢救,1
7372,幻觉,1
7373,心底,1
7374,生气,1
7375,恐惧,1
7376,狐朋狗友,1
7377,贝格比,1
7378,卡莱尔,1
7379,找上门,1
7380,无限,1
7381,威尔士,1
7382,李维,1
7383,泡影,1
7384,鲁法洛,1
7385,不好过,1
7386,马瑞安,1
7387,基纳,1
7388,维奥莱特,1
7389,海莉,1
7390,斯坦菲尔德,1
7391,Steinfeld,1
7392,金科玉律,1
7393,伊桑•霍克,1
7394,Hawke,1
7395,近视,1
7396,缺陷,1
7397,增添,1
7398,优良,1
7399,漫游,1
7400,圆梦,1
7401,半身,1
7402,调换,1
7403,千方百计,1
7404,信息,1
7405,认真,1
7406,清洗,1
7407,皮屑,1
7408,毛发,1
7409,筹备,1
7410,物品,1
7411,睫毛,1
7412,节外生枝,1
7413,赖纳•文格尔,1
7414,Jürgen,1
7415,Vogel,1
7416,体制,1
7417,活动周,1
7418,无政府主义,1
7419,捷足先登,1
7420,散漫,1
7421,学分,1
7422,聊天,1
7423,无心,1
7424,听讲,1
7425,别出心裁,1
7426,假想,1
7427,置于,1
7428,至高无上,1
7429,服从,1
7430,最初,1
7431,玩乐,1
7432,心态,1
7433,沉湎,1
7434,浪潮,1
7435,体会,1
7436,集体,1
7437,纪律,1
7438,重要性,1
7439,剧情片,1
7440,Lau,1
7441,开办,1
7442,小学校,1
7443,惨淡,1
7444,嘻嘻,1
7445,教育部,1
7446,特派员,1
7447,突击,1
7448,安宁,1
7449,驴得水,1
7450,丑事,1
7451,败露,1
7452,专栏,1
7453,罗宾森,1
7454,基顿,1
7455,小组,1
7456,萨夏,1
7457,菲弗,1
7458,鲁弗洛饰,1
7459,马蒂,1
7460,巴伦,1
7461,列维,1
7462,施瑞博尔饰,1
7463,总编辑,1
7464,紧跟,1
7465,雪藏,1
7466,性骚扰,1
7467,教区,1
7468,赔偿,1
7469,神职,1
7470,掣肘,1
7471,中弹,1
7472,舰长,1
7473,先下手为强,1
7474,制钥者,1
7475,特勤史,1
7476,密斯,1
7477,复制,1
7478,阻碍,1
7479,坡道,1
7480,牛奶,1
7481,老头子,1
7482,金万皙,1
7483,李顺载,1
7484,宋怡芬,1
7485,尹秀晶,1
7486,前半生,1
7487,我行我素,1
7488,病逝,1
7489,深觉,1
7490,愧疚,1
7491,怡芬,1
7492,夭折,1
7493,寂静,1
7494,苦难,1
7495,孙女,1
7496,妍儿,1
7497,宋智孝,1
7498,穿针引线,1
7499,悸动,1
7500,万皙,1
7501,停车场,1
7502,张军峰,1
7503,宋在河,1
7504,看护,1
7505,病发,1
7506,心如刀绞,1
7507,姜草,1
7508,公演,1
7509,舞台剧,1
7510,虔诚,1
7511,哑女,1
7512,印度教,1
7513,教徒,1
7514,萨尔曼,1
7515,下结识,1
7516,障碍,1
7517,穆斯林,1
7518,尔莎莉,1
7519,马尔霍特,1
7520,碰壁,1
7521,领事馆,1
7522,旅游局,1
7523,帕万立志,1
7524,•希尔伯德,1
7525,打发,1
7526,形形色色,1
7527,西服革履,1
7528,家伙,1
7529,艾利克斯•浩尔,1
7530,Haw,1
7531,餐厅,1
7532,识破,1
7533,摊牌,1
7534,盗版,1
7535,光碟,1
7536,拧门,1
7537,财物,1
7538,隐私,1
7539,仪表,1
7540,•拉塞尔,1
7541,调情,1
7542,冷若冰霜,1
7543,自行车,1
7544,选手,1
7545,Gin,1
7546,性倒错者,1
7547,雪夜,1
7548,无所事事,1
7549,垃圾堆,1
7550,襁褓,1
7551,怀中,1
7552,流浪者,1
7553,奇妙,1
7554,龙头,1
7555,倪坤,1
7556,倪氏,1
7557,发难,1
7558,不起眼,1
7559,吴镇宇,1
7560,牵制,1
7561,黄秋生,1
7562,戒心,1
7563,余文乐,1
7564,渗入,1
7565,长期,1
7566,巩固,1
7567,安插,1
7568,线人,1
7569,陈冠希,1
7570,安枕无忧,1
7571,歼灭,1
7572,疏忽,1
7573,漏网,1
7574,大难,1
7575,商议,1
7576,除掉,1
7577,事宜,1
7578,铸成大错,1
7579,东非,1
7580,山河,1
7581,破败,1
7582,聊生,1
7583,饥荒,1
7584,掌控,1
7585,独裁者,1
7586,默罕默德•,1
7587,法拉•,1
7588,世人,1
7589,公愤,1
7590,丧心病狂,1
7591,满腔热血,1
7592,信心,1
7593,搜集,1
7594,胶着状态,1
7595,高官,1
7596,民兵,1
7597,对峙,1
7598,黑鹰,1
7599,直升机,1
7600,坠落,1
7601,机组,1
7602,深入虎穴,1
7603,佩曼•莫,1
7604,Peyman,1
7605,蕾拉•,1
7606,特梅,1
7607,萨日娜,1
7608,•法,1
7609,Sarina,1
7610,移居,1
7611,坚决,1
7612,薄公堂,1
7613,驳回,1
7614,赌气,1
7615,分身,1
7616,聘请,1
7617,护工,1
7618,萨瑞•巴亚特,1
7619,古兰经,1
7620,分神,1
7621,回合,1
7622,纳德某,1
7623,次回,1
7624,出离,1
7625,推倒,1
7626,怀孕,1
7627,流产,1
7628,可遏,1
7629,各执一词,1
7630,出人意料,1
7631,金熊奖,1
7632,银熊奖,1
7633,工程师,1
7634,引以为傲,1
7635,乖女,1
7636,玛戈特,1
7637,结论,1
7638,软件,1
7639,虚拟世界,1
